area_title,state_code,aii,total_employment,gini,entropy,delta_creative_class,delta_total_emp
"Dalton, GA",GA,0.12767663109064892,54430,0.44,2.199657988292678,3430,2070
"California-Lexington Park, MD",MD,0.11929818746396231,37310,0.4102,,,
"Columbus, IN",IN,0.10884166773372835,36910,0.4378,2.1303364638895625,-60,3580
"Rochester, MN",MN,0.10526867080765552,94910,0.4462,1.9540943258952324,27340,16590
"Huntsville, AL",AL,0.1041904447058437,203490,0.462,2.2147574216280743,21520,35690
"Bloomsburg-Berwick, PA",PA,0.09805431378360255,29880,0.4624,,,
"Winchester, VA-WV",VA,0.09471352769102512,49890,0.4275,2.3047518171213977,4790,11020
"Dayton, OH",OH,0.09463867719044959,316780,,,14290,-4270
"San Jose-Sunnyvale-Santa Clara, CA",CA,0.09445416236895224,884740,0.4743,2.206745943883019,148020,224380
"Charleston, WV",WV,0.09381371302511306,83300,0.4871,2.2398963553726126,-3830,-44210
"Rockford, IL",IL,0.09344700811562053,116790,0.4493,2.2257505989881774,2780,-3120
"Detroit-Warren-Dearborn, MI",MI,0.09280474793870198,1626430,0.4726,2.2341145044350883,77900,99170
"Stockton-Lodi, CA",CA,0.09258728101526266,217960,,2.3740016679150653,17990,80210
"Muskegon, MI",MI,0.09256425420248918,49000,0.4367,,1190,4060
"Kankakee, IL",IL,0.09105291579097434,33050,0.437,2.2329960341661783,3010,2400
"Chambersburg-Waynesboro, PA",PA,0.09080889274851293,48250,0.421,,,
"Ann Arbor, MI",MI,0.0906880457585715,183590,0.489,2.027330415188522,16290,17440
"Cleveland-Elyria, OH",OH,0.09066487071217363,881390,0.484,,35860,-6780
"Augusta-Richmond County, GA-SC",GA,0.09060333082390515,194520,0.4665,2.289604963397883,10040,25050
"Riverside-San Bernardino-Ontario, CA",CA,0.09054588040684163,1413330,0.4444,2.3260676869469408,100960,472130
"Anniston-Oxford-Jacksonville, AL",AL,0.090333382356531,34800,,,1180,-600
"Grand Rapids-Wyoming, MI",MI,0.09018959040852419,480990,,,56730,164720
"Boulder, CO",CO,0.09010816414048792,158240,0.4881,2.1691500052848585,25430,32400
"Palm Bay-Melbourne-Titusville, FL",FL,0.09005727313199643,200090,0.4517,2.2836318908083313,20680,37650
"York-Hanover, PA",PA,0.09001227727191193,153920,0.4168,2.3213551482136907,6850,3530
"Iowa City, IA",IA,0.0899806918732522,73020,0.4846,2.0598673806649996,7920,5740
"Harrisburg-Carlisle, PA",PA,0.08997811722905433,277330,0.4398,2.303670694833423,10330,12050
"Gainesville, FL",FL,0.08996839851080371,110520,0.5139,2.0785753808554808,6670,18380
"Allentown-Bethlehem-Easton, PA-NJ",PA,0.08993205016643417,314370,0.4489,2.2443742228222563,9740,23940
"Wichita, KS",KS,0.08988816187158036,257540,0.4511,2.2808072760459277,11980,15880
"Bakersfield, CA",CA,0.08971582398790219,279110,0.4695,,15620,50300
"Battle Creek, MI",MI,0.08962453879223088,37580,0.4438,2.1776336972362382,3520,-2450
"Milwaukee-Waukesha-West Allis, WI",WI,0.08957848268610565,689840,,,16000,-4280
"Spartanburg, SC",SC,0.0892664522762536,128190,0.4505,2.216817013317734,11400,41270
"Birmingham-Hoover, AL",AL,0.08917749887226892,450150,0.4839,,22300,15020
"Lima, OH",OH,0.08908654409262359,38820,0.4294,2.1812211997098077,2510,1390
"Owensboro, KY",KY,0.08905177663713626,39770,0.4517,2.200710851034414,2460,990
"Scranton--Wilkes-Barre--Hazleton, PA",PA,0.08904342579972074,212350,,,5710,-4030
"Savannah, GA",GA,0.08902403349469386,158430,0.4636,2.312415150311001,14080,37270
"Jackson, TN",TN,0.08900107310559505,54650,0.4579,2.264787361194539,3130,9940
"Fort Wayne, IN",IN,0.08895759760344389,187500,0.4443,2.2344917667099864,8000,18460
"Warner Robins, GA",GA,0.08855791097530935,59580,0.4236,2.308947817002838,7500,19820
"Cedar Rapids, IA",IA,0.08850120015625422,119590,0.4382,2.2914023645155583,860,860
"Toledo, OH",OH,0.0884487215218624,245170,0.4763,2.227596297758114,8640,-7280
"Joplin, MO",MO,0.08842754489406493,66050,0.4551,,1740,3110
"Niles-Benton Harbor, MI",MI,0.0883425797655417,46470,,,200,1190
"Akron, OH",OH,0.088035441480999,275780,0.4728,2.257941124260596,8100,-1630
"Columbus, OH",OH,0.08796267185156031,937680,0.4583,2.287696220383012,68350,146240
"Baltimore-Columbia-Towson, MD",MD,0.08791569204115263,1128740,0.4603,2.2359108296616244,62140,35900
"Flint, MI",MI,0.08768935132721561,106770,0.4666,2.226557805637251,-460,1920
"Memphis, TN-MS-AR",TN,0.08766932225636766,555090,0.4897,2.295852964074424,15850,30300
"Peoria, IL",IL,0.08765197295897531,140010,0.4579,2.227388179906041,-1470,-17350
"Lexington-Fayette, KY",KY,0.08763378550828643,228900,0.4793,2.234162009552301,10630,22590
"Morgantown, WV",WV,0.08754820207433968,52200,0.4949,2.1190957445587175,4660,3000
"Danville, IL",IL,0.0875242309278505,19140,0.4348,,0,-1190
"Bloomington, IN",IN,0.08749804004684553,55320,0.4785,2.082856670796553,1370,-2500
"Dubuque, IA",IA,0.08711305362458657,46690,0.4432,2.2384714590337476,3590,1410
"Weirton-Steubenville, WV-OH",WV,0.08710496524289411,27660,0.4496,2.3334978161984297,,
"Seattle-Tacoma-Bellevue, WA",WA,0.08709466220524549,1720660,0.462,2.2985403495461485,196560,372390
"Washington-Arlington-Alexandria, DC-VA-MD-WV",DC,0.08707842895414276,2662790,0.4472,2.226861110765181,171590,123980
"Florence, SC",SC,0.08699568691530585,73090,0.4914,2.222190235727414,3320,6900
"Waterloo-Cedar Falls, IA",IA,0.0869311581783532,72190,0.4514,2.239909214045352,4610,-4380
"Monroe, MI",MI,0.0866980229778971,29320,0.4237,2.2099590846827475,460,550
"Gainesville, GA",GA,0.08668241825818052,77100,0.4529,2.2957718625212884,6900,22690
"Indianapolis-Carmel-Anderson, IN",IN,0.08664559256763403,946410,0.4655,,55970,162370
"Evansville, IN-KY",IN,0.08650207398891606,132930,0.4575,,3210,-21490
"Elkhart-Goshen, IN",IN,0.08650014180650956,108790,0.4423,2.068931849953241,3450,33710
"Pittsburgh, PA",PA,0.08649871722041001,932850,0.4707,2.2633638737200727,30270,-69400
"Dothan, AL",AL,0.08643862035760047,48820,0.4754,2.327950894691394,1570,2010
"Atlanta-Sandy Springs-Roswell, GA",GA,0.08637434884640044,2402860,,2.328258666459242,259040,465930
"Hammond, LA",LA,0.08635212494175644,34780,0.475,2.2754122635838887,,
"Wausau, WI",WI,0.0862892233723643,56810,,2.262321174997826,3160,4900
"Greenville-Anderson-Mauldin, SC",SC,0.08627307227927329,362750,,,39970,111600
"San Juan-Carolina-Caguas, PR",PR,0.08625689763912414,606750,,,-11230,-68310
"Racine, WI",WI,0.08621783762590478,59250,0.4345,,1350,-170
"San Francisco-Oakland-Hayward, CA",CA,0.08621195065669592,1986050,,,296210,421010
"Cincinnati, OH-KY-IN",OH,0.08612869324930784,948860,0.4669,2.2656674731263817,53970,80050
"Springfield, IL",IL,0.0861133580507753,87460,0.4562,2.2554761494406512,7440,-6180
"Kalamazoo-Portage, MI",MI,0.08604322240578141,117980,0.4609,2.193627862068201,6520,9120
"Hickory-Lenoir-Morganton, NC",NC,0.08599449965695707,130350,0.4555,2.2110520631158526,5160,10080
"Decatur, AL",AL,0.08593702009352497,45740,0.4499,2.2568273250085524,2950,3850
"La Crosse-Onalaska, WI-MN",WI,0.08582083033664807,59070,0.4507,2.2475403270576235,1300,930
"Reading, PA",PA,0.08575424961936294,137520,0.4452,2.2470935364028537,4200,2420
"Macon, GA",GA,0.08575006263058008,77790,,,2700,1740
"Fond du Lac, WI",WI,0.08574424868020786,33310,0.4052,2.2211030120903192,1380,2000
"Anchorage, AK",AK,0.08562675083216346,142000,0.4274,2.295586861383494,2010,-5530
"Visalia-Porterville, CA",CA,0.08562291060981386,136280,,,10540,30450
"Tulsa, OK",OK,0.08557876015326168,384080,0.4689,2.3342621211227645,11680,12560
"Carbondale-Marion, IL",IL,0.08549901837580144,38590,0.4775,,,
"Sheboygan, WI",WI,0.0854733175626045,46780,0.4071,2.1263263524028893,1500,3170
"Midland, MI",MI,0.08534880849556296,25860,0.4615,2.244445913058583,,
"Kansas City, MO-KS",MO,0.08532280519275481,927810,0.4518,2.3221126295437537,51510,82370
"Louisville/Jefferson County, KY-IN",KY,0.08531401251497055,556340,0.4624,2.2829404525190915,28580,46620
"Los Angeles-Long Beach-Anaheim, CA",CA,0.08528370897730687,5125830,0.4928,2.3296168853028774,,
"Oshkosh-Neenah, WI",WI,0.08518975380672476,73260,0.4217,2.1655267523808006,3410,2100
"Winston-Salem, NC",NC,0.08518040879106063,233680,0.466,2.2501989434128906,24290,64950
"Morristown, TN",TN,0.08512984260289277,34790,0.4594,2.287945597226675,-140,800
"Janesville-Beloit, WI",WI,0.08492366555878557,53970,0.402,2.272621066322103,2680,5320
"Mayaguez, PR",PR,0.0848323684755167,23190,,,710,-190
"Saginaw, MI",MI,0.08466947985213424,64710,0.4747,2.2424628587885573,-800,-3750
"State College, PA",PA,0.08465405603718906,48370,0.4775,2.0078548068084494,4400,-1660
"Green Bay, WI",WI,0.08463604157741136,146350,0.4277,2.2615443098006334,5020,1320
"Jackson, MS",MS,0.08462917033011609,218660,0.4842,2.3121780734628543,3890,-3140
"Colorado Springs, CO",CO,0.08459209470651051,259700,0.4302,2.2858086843999654,24290,59850
"Gadsden, AL",AL,0.0845702254477952,24480,0.4556,2.2467338779848713,670,-1480
"Houston-The Woodlands-Sugar Land, TX",TX,0.08455309028793624,2721780,0.4827,,231470,413820
"Portland-Vancouver-Hillsboro, OR-WA",OR,0.0845011610219204,1025840,0.4491,2.3053245817556234,103890,177770
"Rome, GA",GA,0.08450041714674587,29530,0.4678,2.189960619044205,1360,3620
"Denver-Aurora-Lakewood, CO",CO,0.08445583415728455,1347320,0.4482,,176190,320240
"Virginia Beach-Norfolk-Newport News, VA-NC",VA,0.08442599277863012,645340,0.4447,,27630,9740
"Dallas-Fort Worth-Arlington, TX",TX,0.08442095619686894,3404820,0.4637,2.3307775004178577,412710,828330
"Erie, PA",PA,0.08437429161730645,95680,0.4573,2.1648482049856104,1190,-10620
"Davenport-Moline-Rock Island, IA-IL",IA,0.08432705671122633,152670,0.4474,2.2482751060268766,7310,-1360
"Hartford-West Hartford-East Hartford, CT",CT,0.08425178091277385,479380,,2.2413956285696433,6640,4470
"Jackson, MI",MI,0.08423333963035448,40400,0.4456,2.2298429024110757,1720,4410
"San Diego-Carlsbad, CA",CA,0.08418364475786437,1281290,,,132630,228910
"Springfield, MO",MO,0.08412868126493998,186040,0.4595,2.275985902925255,11230,26810
"Staunton-Waynesboro, VA",VA,0.08412333031096379,38110,,,,
"Charlotte-Concord-Gastonia, NC-SC",NC,0.0841050337579054,1132000,0.4749,2.32726764728686,167940,413600
"Salinas, CA",CA,0.0841017622726258,156050,0.4596,2.311844119918373,6030,25990
"Pueblo, CO",CO,0.08401768387754768,47810,0.4534,2.251534147519618,3320,7690
"Little Rock-North Little Rock-Conway, AR",AR,0.08390147907958413,302020,0.4823,2.282200434000037,14000,2430
"Modesto, CA",CA,0.08389287612278261,159890,0.4418,2.3358164108151827,12680,36770
"Houma-Thibodaux, LA",LA,0.08383329585336148,65070,0.4786,,2190,-14750
"Chattanooga, TN-GA",TN,0.08379860426732716,217030,0.4738,2.2961657053812026,10480,24050
"Greenville, NC",NC,0.08365791644467925,64210,0.4788,2.139950975860857,5100,4430
"Oklahoma City, OK",OK,0.08361689174776811,571560,0.4646,2.346553166287537,24320,43170
"New Bern, NC",NC,0.08358861629933359,35010,0.4593,,,
"Williamsport, PA",PA,0.08358281295069654,38440,0.4308,2.2217906534752507,1410,-4420
"Altoona, PA",PA,0.0835521513559015,46060,0.4453,2.245549830017622,2110,-720
"Lebanon, PA",PA,0.08353609133829142,39840,0.4236,2.339438449709977,2280,310
"Eau Claire, WI",WI,0.08349935101181741,67630,0.4325,2.2337714705826137,2930,4630
"St. Louis, MO-IL",MO,0.08349071964558388,1153730,0.4661,2.288698769629191,42050,34430
"Dover, DE",DE,0.08347161925904946,52060,0.4068,2.2767963809378458,5180,7230
"South Bend-Mishawaka, IN-MI",IN,0.08340647372687511,109180,0.4709,2.1770995393759778,3760,2070
"Durham-Chapel Hill, NC",NC,0.08337056562863646,249060,0.4831,2.1230763568592725,41840,55440
"Fort Collins, CO",CO,0.08334903356166928,144870,0.4502,,15700,36810
"Manchester, NH",NH,0.08333570821421174,89660,,,6680,5710
"Roanoke, VA",VA,0.08325762775314834,123650,0.4685,2.2684832419297476,5590,-750
"Mansfield, OH",OH,0.08324758711996268,37250,0.4358,2.1870274563894427,740,-1960
"Madison, WI",WI,0.08324084160211996,337380,0.4467,2.2055558102839856,29000,53010
"Philadelphia-Camden-Wilmington, PA-NJ-DE-MD",PA,0.0832397221727866,2397860,0.4828,2.2489245945459375,155110,131620
"Appleton, WI",WI,0.08318425987046313,102040,0.4368,2.250880563402594,6820,5390
"Albuquerque, NM",NM,0.08311783588957695,329340,0.4668,2.2562296060273437,7850,16200
"New Orleans-Metairie, LA",LA,0.08296282962376064,458590,0.4995,2.278740225339732,22530,1710
"Dover-Durham, NH-ME",NH,0.08292900264661184,40090,,,,
"Rochester, NY",NY,0.08292005669921484,411480,0.4577,2.2005348727199845,7020,-8320
"East Stroudsburg, PA",PA,0.08291565472581337,44560,0.4234,,,
"Spokane-Spokane Valley, WA",WA,0.0829143846391967,211320,0.4518,2.2953516390890036,19920,53510
"Chicago-Naperville-Elgin, IL-IN-WI",IL,0.0828600106814227,3923940,0.4817,,205290,140000
"Jacksonville, FL",FL,0.08285539111199539,653880,0.4663,2.3047087874818026,68200,142240
"Champaign-Urbana, IL",IL,0.08276286896641079,85700,0.4918,2.15701725585451,6300,7740
"Fresno, CA",CA,0.08275868997228096,331430,0.473,2.3157816982018646,27980,82960
"St. Joseph, MO-KS",MO,0.08274410403510636,38840,0.4539,2.232971297456331,1170,1710
"Ogden-Clearfield, UT",UT,0.08274083297604716,242090,0.4019,,32630,80550
"Longview, TX",TX,0.08273190917981975,78260,0.4603,2.345900479553754,4180,-4160
"Madera, CA",CA,0.08272304476238812,36050,0.4535,,2390,12010
"Portsmouth, NH-ME",NH,0.08270178780832389,76590,,,13420,34920
"Rocky Mount, NC",NC,0.08264091745381523,43600,0.4584,2.301109537169566,1960,-2340
"Charleston-North Charleston, SC",SC,0.0826120177167869,315870,0.4817,2.299210617585762,27540,64400
"Santa Maria-Santa Barbara, CA",CA,0.08260087469316053,169890,0.4886,2.321621116055143,,
"Springfield, OH",OH,0.08254852307326709,36130,0.4225,2.2820111295670458,1180,-1440
"Huntington-Ashland, WV-KY-OH",WV,0.0825326016044327,109870,0.481,2.200264622211894,7730,19290
"New Haven, CT",CT,0.08252036688891919,238110,,2.085034726759666,13870,15800
"Mobile, AL",AL,0.0824752526164429,150250,0.4705,2.2836423222894022,3630,2890
"Minneapolis-St. Paul-Bloomington, MN-WI",MN,0.08245470122776596,1605610,0.4445,2.275380157747828,99200,134400
"Nashville-Davidson--Murfreesboro--Franklin, TN",TN,0.08245365485922347,919620,0.4646,2.307774385416686,117830,291100
"Ames, IA",IA,0.0824386555647795,35470,0.4624,2.1477785923680206,5800,5790
"Terre Haute, IN",IN,0.08238093107668037,52030,0.453,2.249006262682816,870,-2590
"Tyler, TX",TX,0.08235343115851583,86680,0.4571,2.2981392265172786,7100,14200
"Lake Charles, LA",LA,0.08233952183416078,76070,0.4717,2.28057673150547,4630,6790
"Syracuse, NY",NY,0.08229003955130804,250410,0.459,2.2014444425135067,5620,-12760
"Kingsport-Bristol-Bristol, TN-VA",TN,0.08221621233268496,94960,,,3130,-3050
"Montgomery, AL",AL,0.08214270894204172,136840,0.4745,2.323282853433486,2650,-540
"Lynchburg, VA",VA,0.0821174035538527,79200,0.4426,2.19580896140211,3590,-890
"Buffalo-Cheektowaga-Niagara Falls, NY",NY,0.08206573538496434,451990,,,13830,-16640
"Charlottesville, VA",VA,0.08206314415552864,88740,0.4922,2.1409332108991426,9510,12820
"Columbia, SC",SC,0.08204468797892216,334790,0.4654,2.3189555970484066,12440,35700
"Yuba City, CA",CA,0.0820247236947015,37540,0.4524,2.3452368813059925,4560,13080
"Lancaster, PA",PA,0.082015739159582,213400,0.4277,2.313046209979112,13630,21600
"Midland, TX",TX,0.08200248313149316,91600,0.4707,2.2550841289491808,9320,28010
"Albany, GA",GA,0.08197743418916442,47380,0.4666,2.288674956032715,1460,-740
"Boston-Cambridge-Nashua, MA-NH",MA,0.08191546140087237,2308050,,,212330,220840
"Merced, CA",CA,0.08189954727573585,58800,0.4581,2.349700972746935,5240,15600
"Tuscaloosa, AL",AL,0.08187748950322063,81250,0.4778,2.1394560091833843,4810,10020
"Jonesboro, AR",AR,0.08186552384426612,47500,0.4929,2.167853728080904,4760,9540
"Harrisonburg, VA",VA,0.08185206935908693,51120,0.4492,2.278022932507208,8160,5770
"Albany-Schenectady-Troy, NY",NY,0.08184828412391376,374100,0.4404,2.2702583033273993,11400,2220
"Columbia, MO",MO,0.08183579509638007,72090,0.4705,2.182325430306904,8520,9270
"Cape Girardeau, MO-IL",MO,0.08183061029087572,33550,0.4454,2.2700091283464543,1660,1330
"Gettysburg, PA",PA,0.08182974834596898,24900,0.3952,2.359650200418426,,
"Richmond, VA",VA,0.0817850339067017,553170,0.4606,2.2958376413792103,37400,31680
"Phoenix-Mesa-Scottsdale, AZ",AZ,0.08174347054750718,1961990,,,214860,490250
"Oxnard-Thousand Oaks-Ventura, CA",CA,0.08172461255786835,264990,0.4497,2.37203523832826,14410,24450
"Worcester, MA-CT",MA,0.08167466262540422,239340,0.453,,16710,40000
"Duluth, MN-WI",MN,0.08160377386022444,101850,0.4414,2.2651755061351717,3500,-990
"Corvallis, OR",OR,0.08157574641803927,25740,0.475,2.081392403923817,3740,3600
"Idaho Falls, ID",ID,0.08155434835366139,61040,0.4268,2.3832185674811646,12830,27020
"Knoxville, TN",TN,0.08143967587286112,356940,0.4655,2.3164928015812647,27910,71310
"Sacramento--Roseville--Arden-Arcade, CA",CA,0.08137487517368835,882060,,,84170,211260
"Lakeland-Winter Haven, FL",FL,0.08136222393609227,223810,0.4465,2.345427672750813,21020,61270
"Vallejo-Fairfield, CA",CA,0.08134624613151363,113500,,,7310,17030
"Shreveport-Bossier City, LA",LA,0.08130271332616883,145250,0.5021,2.3414776586326798,4070,-8430
"Hagerstown-Martinsburg, MD-WV",MD,0.08129780753567631,83920,0.4248,2.3665992964937916,2110,1550
"Binghamton, NY",NY,0.0812541522513773,75990,0.4701,2.1884132735451773,-530,-10940
"Utica-Rome, NY",NY,0.08125400318684763,92380,0.4435,2.2854400012233533,60,-8170
"Florence-Muscle Shoals, AL",AL,0.081190359896276,43780,0.4573,2.2262071287913354,1860,1490
"Orlando-Kissimmee-Sanford, FL",FL,0.0810791608851032,1176900,0.4649,2.272402202400824,124260,285650
"Odessa, TX",TX,0.08107767506222296,62020,0.4579,2.3411230942654253,4240,4890
"Des Moines-West Des Moines, IA",IA,0.08101645452495136,327140,0.4322,2.339843998573089,33470,47160
"Miami-Fort Lauderdale-West Palm Beach, FL",FL,0.081010699031704,2384510,,2.3140915433112657,236450,400500
"Fairbanks, AK",AK,0.08097210383539583,25820,0.4242,,450,-1520
"Fargo, ND-MN",ND,0.08094260592373954,119660,0.4607,2.302422087210733,8860,13960
"Baton Rouge, LA",LA,0.08079924726654997,337420,0.4793,2.3027547981819176,25640,23460
"Lafayette, LA",LA,0.0807933319627595,163900,0.4914,2.3358039154039263,18660,40310
"El Centro, CA",CA,0.08078910497566283,46980,0.4589,2.2922852312156934,3390,10560
"Pine Bluff, AR",AR,0.08078904320000806,20000,0.4677,,-1060,-5790
"Youngstown-Warren-Boardman, OH-PA",OH,0.08077690090502813,174950,0.4582,,1690,-18780
"Greensboro-High Point, NC",NC,0.080771058972222,312260,0.4763,2.2738873466812484,12120,9370
"Burlington-South Burlington, VT",VT,0.08075953753439388,96780,0.4398,2.2202916945301183,5750,2520
"Canton-Massillon, OH",OH,0.08074840913742425,140720,0.4448,2.241243602176076,2740,-1280
"Bowling Green, KY",KY,0.08065844643650298,59530,0.4764,2.215385616081987,3610,17140
"Vineland-Bridgeton, NJ",NJ,0.08062740794212152,48600,0.4985,,790,2040
"New York-Newark-Jersey City, NY-NJ-PA",NY,0.08060396848068775,7842880,0.5136,,687320,880270
"Gulfport-Biloxi-Pascagoula, MS",MS,0.08057107182773648,132590,,,15580,46440
"Columbus, GA-AL",GA,0.08055272225248578,94970,0.4773,2.3102178250458447,8270,3680
"Decatur, IL",IL,0.0805141921864663,30730,0.4661,2.2657688959331628,-3740,-4310
"Springfield, MA-CT",MA,0.08045138578218886,265860,,,16420,32030
"Ocala, FL",FL,0.08039089302249106,94510,0.4495,2.3414923038280717,13190,22250
"Fayetteville-Springdale-Rogers, AR-MO",AR,0.08035669497056115,220720,,,23100,52370
"Tampa-St. Petersburg-Clearwater, FL",FL,0.08027135841258244,1236860,0.4787,2.304741827082187,128360,238160
"Killeen-Temple, TX",TX,0.08021086632715184,125010,0.4457,2.309022631802214,11020,16690
"Pensacola-Ferry Pass-Brent, FL",FL,0.08017807866799069,157280,0.4439,2.2627774965453833,15660,30800
"Kennewick-Richland, WA",WA,0.08017323658379201,101310,0.4258,2.324246416795073,4860,24500
"Alexandria, LA",LA,0.08016899717510921,46910,0.474,2.2705939606018846,-270,-2140
"Sioux Falls, SD",SD,0.08016253754738116,143130,0.429,,12390,24100
"Asheville, NC",NC,0.08013038149863977,172230,0.4707,2.2203353794777945,13070,27510
"Trenton, NJ",NJ,0.08006408169459173,204520,,,10720,21260
"San Antonio-New Braunfels, TX",TX,0.0800598706679313,921650,0.46,2.3032291384578567,91580,186680
"Burlington, NC",NC,0.08002647171248645,51150,0.4398,2.148405656076951,4150,8440
"Lubbock, TX",TX,0.08001521363437776,127750,0.4821,2.2857856513840025,13630,22800
"Victoria, TX",TX,0.08000819121691526,30120,0.4489,2.3020437105551235,1420,-11920
"Topeka, KS",KS,0.07993527745156045,91880,0.4382,2.2977670301615714,3900,3800
"Beckley, WV",WV,0.07987029165508709,31610,0.4741,2.2610571707873803,,
"Bismarck, ND",ND,0.07986087046417936,58250,0.4313,2.3515337106150107,4520,6420
"Lafayette-West Lafayette, IN",IN,0.0798535265008566,72190,0.4698,2.081866685310392,,
"Johnstown, PA",PA,0.07980442887129563,37220,0.4513,2.2412377319159154,-1180,-8150
"Lincoln, NE",NE,0.07977303735371591,152200,0.4475,2.283468400955688,11280,10410
"Bangor, ME",ME,0.07975254007695194,52410,0.4559,2.1649314618107276,2180,820
"Omaha-Council Bluffs, NE-IA",NE,0.07974378651539021,426800,0.4549,,29690,21360
"Reno, NV",NV,0.0797356256898536,215300,0.4656,2.332114308457967,22060,60080
"Tucson, AZ",AZ,0.07970198962657794,325590,0.4679,2.259344435951326,16870,30760
"Lansing-East Lansing, MI",MI,0.07969470136083466,171120,0.4477,2.271010918203372,7820,7190
"St. Cloud, MN",MN,0.07962199694125616,82100,0.4237,2.263147751777462,5390,4210
"Crestview-Fort Walton Beach-Destin, FL",FL,0.07960363002953659,103730,0.4554,2.268226508366873,16570,45470
"Sioux City, IA-NE-SD",IA,0.07960049754573245,75100,0.4379,2.310054732065455,6690,16820
"Raleigh, NC",NC,0.07954417370572543,590880,,,81000,157970
"Johnson City, TN",TN,0.0794980227342513,66210,0.4809,2.28503065585216,830,2420
"Albany, OR",OR,0.07944529879756887,35780,,2.2731822662324284,,
"Napa, CA",CA,0.0794205079257426,61930,0.4757,2.3146912341749717,3050,11460
"Bremerton-Silverdale, WA",WA,0.07936714846746876,74190,,,4780,12220
"Fayetteville, NC",NC,0.07935391418405363,108350,0.4482,2.2486206138298357,6430,1160
"Salt Lake City, UT",UT,0.07924409788303219,686690,0.4273,,104310,159240
"Medford, OR",OR,0.07921924782459167,71530,0.4562,2.2434664365433434,5000,12730
"Bay City, MI",MI,0.07919834236082521,25150,0.4378,2.1938731768594764,1170,350
"Arecibo, PR",PR,0.07917623152289431,24900,0.5082,2.2775020405773794,,
"Providence-Warwick, RI-MA",RI,0.0791654774505517,496840,0.4605,2.2497055754347275,22730,21960
"Yuma, AZ",AZ,0.07908342325037201,56860,0.4574,2.3733822257955537,5290,12060
"Las Cruces, NM",NM,0.07905060559113206,57610,0.4812,2.2450580576219403,2120,6390
"Grand Island, NE",NE,0.07901558815367353,32270,0.4382,2.299627815134142,,
"Fort Smith, AR-OK",AR,0.0789700054688298,90920,0.481,2.3195705434696325,1230,-7820
"Valdosta, GA",GA,0.07890512223940756,42570,0.4928,2.2926412110369143,3010,3350
"Lewiston-Auburn, ME",ME,0.07887510987175052,37470,0.4299,2.233567816026135,240,70
"Waterbury, CT",CT,0.07884394285464963,51880,,,1710,2680
"Redding, CA",CA,0.07882118355869512,52650,0.4601,2.329178671652856,4120,9490
"Beaumont-Port Arthur, TX",TX,0.07880643073469637,128540,0.4644,2.313980813293211,6390,-6020
"Lewiston, ID-WA",ID,0.07879457727144212,19930,0.461,2.188216782390579,1460,4280
"Austin-Round Rock, TX",TX,0.07876308116547169,1032720,,,178740,364260
"Tallahassee, FL",FL,0.07865326969753471,150230,0.4962,2.2291882075630265,11690,20020
"Laredo, TX",TX,0.0785714639838287,80050,0.4614,2.281047663165659,5810,11970
"Hanford-Corcoran, CA",CA,0.07845857150834991,29410,0.4126,2.3201380846544275,1030,6450
"Cleveland, TN",TN,0.07844147737337834,35380,0.4487,2.3070639925655736,1210,7910
"Urban Honolulu, HI",HI,0.07842639799480913,370840,0.4386,2.28441895137699,,
"Athens-Clarke County, GA",GA,0.07832895839418431,70630,0.5075,2.251071259892785,5820,10390
"Elmira, NY",NY,0.07831561910958587,24390,0.4596,2.1684447059579544,-220,-3780
"Amarillo, TX",TX,0.07827897823967993,96010,0.4624,2.3677234723688376,4200,5270
"El Paso, TX",TX,0.07825486045223509,272770,0.4663,2.3058966278317614,19240,40710
"Sherman-Denison, TX",TX,0.07824203078854282,37400,0.4466,2.308131615528168,2750,6700
"Billings, MT",MT,0.0782238616974324,75470,0.459,2.362307595791255,3900,6010
"Grand Junction, CO",CO,0.07820492316708812,52510,0.4395,2.2919968914595668,7470,6470
"Norwich-New London-Westerly, CT-RI",CT,0.07797665695137693,94510,,,-3940,-8980
"Texarkana, TX-AR",TX,0.07788260808467248,46090,0.4824,2.289941948745309,3060,2240
"Sumter, SC",SC,0.07788006800573063,26310,0.4623,2.2077402873748424,970,1850
"Muncie, IN",IN,0.07784728785448095,34390,0.4475,2.1820637187372727,180,-320
"Olympia-Tumwater, WA",WA,0.0777797916874786,101870,,,14220,27010
"Wheeling, WV-OH",WV,0.07773767131953417,47940,0.4731,2.302985673109617,1390,-6070
"Corpus Christi, TX",TX,0.07766050298510206,155050,0.4622,2.312988366753583,10170,1090
"Yakima, WA",WA,0.07759110758451951,78250,0.4216,2.3172037659883635,2920,15880
"Greeley, CO",CO,0.07751764658344275,89500,0.4201,2.3817540645600106,7880,27200
"Wichita Falls, TX",TX,0.07744969493869719,44460,0.4554,2.3158413315353776,2110,90
"Aguadilla-Isabela, PR",PR,0.07741806000526974,39620,0.5239,,910,8300
"Michigan City-La Porte, IN",IN,0.07741574370631739,30670,0.4324,2.2119412529795253,230,-1330
"Goldsboro, NC",NC,0.07740919017941046,31110,0.4663,2.2699336726514088,1060,910
"San German, PR",PR,0.07736518300358342,14490,,,-310,1750
"Cumberland, MD-WV",MD,0.07735644199362204,25960,0.4499,,1850,120
"Cheyenne, WY",WY,0.07731299894704027,37360,0.439,2.3186600043538323,2210,3630
"Carson City, NV",NV,0.07727800328073135,21780,0.4583,2.28296024440969,2150,3380
"Portland-South Portland, ME",ME,0.07725945009446049,175250,0.449,2.255039209371876,8880,8420
"Grand Forks, ND-MN",ND,0.07720340952345378,38470,0.4478,2.1681474781801606,1580,-510
"Chico, CA",CA,0.07711977617487153,58470,0.4831,2.2746059618436663,4410,10190
"Eugene, OR",OR,0.07699874733862548,128340,,,6840,17230
"Jefferson City, MO",MO,0.07692721309088808,59410,0.4187,2.298933343774053,590,2880
"Hattiesburg, MS",MS,0.07680485652049582,50780,0.4904,2.2208109886052414,2810,5410
"Auburn-Opelika, AL",AL,0.07665974569613075,50390,0.513,2.2467259277534914,3880,12970
"Parkersburg-Vienna, WV",WV,0.07654024895672586,26960,0.4545,2.240932591044359,-6840,-32510
"Lawton, OK",OK,0.07651643613466148,31650,0.4527,2.2744887335141417,-10,120
"Clarksville, TN-KY",TN,0.07645083138131707,76030,0.4228,2.274689378164107,4320,11150
"Mankato-North Mankato, MN",MN,0.07639550677996104,40760,,,2940,4920
"Logan, UT-ID",UT,0.07636417717526155,51990,0.4253,2.2191054636668097,8130,17710
"North Port-Sarasota-Bradenton, FL",FL,0.0763193896005739,276920,0.4893,,27570,70340
"Atlantic City-Hammonton, NJ",NJ,0.0761903001471046,105220,0.4777,2.175712046924666,720,-11910
"Blacksburg-Christiansburg-Radford, VA",VA,0.07616676592450014,53240,,2.095795790390233,4250,7720
"Ponce, PR",PR,0.07605988777900807,52530,0.5453,2.2510980250473973,-120,10230
"Casper, WY",WY,0.07604830294050424,29530,0.4426,2.377899045428759,2440,-3320
"Mount Vernon-Anacortes, WA",WA,0.07592615804209005,39620,0.4355,2.3511045552500147,2900,7040
"Sierra Vista-Douglas, AZ",AZ,0.07587412463905283,26010,0.4384,2.24831683054948,,
"Wilmington, NC",NC,0.07586943547972776,118070,0.4764,2.303327007658883,8150,2920
"Santa Rosa, CA",CA,0.07585548975633012,169890,,,6890,30480
"Waco, TX",TX,0.07584582922445406,101220,0.4784,2.3030107729141016,10790,23160
"Panama City, FL",FL,0.07584415617835533,69890,0.4413,,9770,11770
"Las Vegas-Henderson-Paradise, NV",NV,0.07569747926818367,923790,0.4706,,96060,205900
"Boise City, ID",ID,0.07565683397998872,306850,0.4399,2.33068338835798,31530,96820
"Farmington, NM",NM,0.0755515268056388,34820,0.4697,2.2871570843813105,40,-6140
"Twin Falls, ID",ID,0.07550603344435484,36460,0.4466,2.378741704728065,,
"Elizabethtown-Fort Knox, KY",KY,0.0754149618385221,40660,0.4567,,2280,6180
"The Villages, FL",FL,0.07539998477001478,28500,0.4227,,,
"Longview, WA",WA,0.07537957034078943,31480,0.4383,,3960,6960
"Monroe, LA",LA,0.07534906482506387,56900,0.5186,2.3499617804787647,1160,790
"Danbury, CT",CT,0.07520977361134538,61010,,,4010,8240
"Sebring, FL",FL,0.07517962791697055,20110,,2.338612713583232,,
"Salem, OR",OR,0.07500898759668129,146510,0.4371,2.3518012409816285,14020,32880
"Port St. Lucie, FL",FL,0.07496221805951585,137280,0.4745,2.2896904212089537,14450,35380
"Glens Falls, NY",NY,0.07488221413511043,38710,0.431,2.32543734575727,300,-3770
"College Station-Bryan, TX",TX,0.07487649675389184,99490,0.5081,2.225065188871491,16000,30600
"Deltona-Daytona Beach-Ormond Beach, FL",FL,0.07484556417510622,184880,0.4522,2.298956410852425,19750,54620
"Bridgeport-Stamford-Norwalk, CT",CT,0.07479603469575828,336620,0.5441,,5520,-21310
"Kokomo, IN",IN,0.07467288684046636,22260,0.4232,2.19721911717774,-2120,-4770
"San Luis Obispo-Paso Robles-Arroyo Grande, CA",CA,0.0745116663221805,98260,,,8240,17990
"Punta Gorda, FL",FL,0.07449009387467083,41970,0.4506,2.3470947904785993,6110,11780
"Homosassa Springs, FL",FL,0.07418680706710973,26160,0.4782,2.309087693568174,,
"New Bedford, MA",MA,0.07414295980787769,48680,,,2540,850
"McAllen-Edinburg-Mission, TX",TX,0.0741218603101091,208910,0.478,2.3210695011441427,17140,47480
"Wenatchee, WA",WA,0.07405836990015595,38950,0.4521,,2830,9750
"Great Falls, MT",MT,0.0739937950981296,27720,0.451,2.161215296180591,950,790
"Lake Havasu City-Kingman, AZ",AZ,0.07391428140994251,46110,0.4622,2.263012480689646,2060,10650
"Abilene, TX",TX,0.0739065057232596,57950,0.4398,2.263135788560844,4790,8710
"Leominster-Gardner, MA",MA,0.07380435141465227,39400,,,2310,3960
"Enid, OK",OK,0.07368511770629635,16360,0.4464,2.3294670155516237,,
"Cape Coral-Fort Myers, FL",FL,0.07358297639424702,255670,0.4799,2.286225842831454,28450,82440
"Santa Cruz-Watsonville, CA",CA,0.07293798637908339,76950,0.4818,2.2953318259082427,6060,13490
"Ithaca, NY",NY,0.07287063661637282,30770,0.4945,1.8421285394221514,5820,-1860
"Brownsville-Harlingen, TX",TX,0.07283755375103913,113510,0.4678,2.235520099267034,9530,23730
"Pittsfield, MA",MA,0.07283381593537631,28250,0.491,2.1963813669288808,1960,4650
"Bend-Redmond, OR",OR,0.07256299347211559,72040,,,11170,27030
"San Angelo, TX",TX,0.07250624291077967,38640,0.4466,2.3208232738625294,4570,3780
"Sebastian-Vero Beach, FL",FL,0.07246399252917327,45520,0.5066,,3970,9630
"Bellingham, WA",WA,0.07221923397763817,73580,0.4463,2.332218984524134,5140,13010
"Daphne-Fairhope-Foley, AL",AL,0.07204894287970454,68450,0.4648,2.3425117406512608,,
"Coeur d'Alene, ID",ID,0.0715413930050603,54620,0.4291,2.3208259587538436,5040,16710
"Hinesville, GA",GA,0.07151362222635874,11410,0.4092,2.275597772425849,750,2930
"Rapid City, SD",SD,0.07149971754671228,61100,0.4528,2.267627048246126,4490,10150
"Salisbury, MD-DE",MD,0.07146947657707203,143440,0.4627,,26850,112430
"Provo-Orem, UT",UT,0.07139015397793752,247380,0.4208,,44360,106290
"Missoula, MT",MT,0.07116247991559,50780,0.4734,2.27154547850903,3970,6170
"Bloomington, IL",IL,0.07089021229954771,63790,0.4802,2.197013824929316,,
"St. George, UT",UT,0.0708443217125369,68180,0.4464,2.2761289369627713,10050,32450
"Manhattan, KS",KS,0.07077271710090863,29930,0.448,2.199473566649084,-2100,-11810
"Prescott, AZ",AZ,0.07062822041903502,55380,,,4360,14160
"Walla Walla, WA",WA,0.07053379521443656,16770,0.4582,2.213810018115599,,
"Hot Springs, AR",AR,0.07050054649248083,30190,0.4606,2.2658559237137936,2010,2290
"Brunswick, GA",GA,0.07018648831018998,33600,0.4943,,2550,4960
"Guayama, PR",PR,0.06946249073217219,6710,0.5298,2.25912649024415,-1660,-1040
"Lawrence, KS",KS,0.06941577677356611,38010,0.4593,2.171181868638085,2490,3320
"Naples-Immokalee-Marco Island, FL",FL,0.06932263395825726,138070,,,15410,42290
"Watertown-Fort Drum, NY",NY,0.06923372687690535,29410,0.4316,2.258974195719004,,
"Grants Pass, OR",OR,0.0692114082091735,19200,0.4716,2.326864742653278,,
"Myrtle Beach-Conway-North Myrtle Beach, SC-NC",SC,0.06913176364552524,151590,0.4477,,17340,61520
"Kingston, NY",NY,0.06904744699939959,43550,0.4787,2.271475228513854,1100,-1150
"Santa Fe, NM",NM,0.06894019480489182,50610,0.4861,2.2495065148206095,1430,1590
"Hilton Head Island-Bluffton-Beaufort, SC",SC,0.06874401726068674,68400,,,,
"Barnstable Town, MA",MA,0.06818453794215683,86340,0.4658,2.2543908847022993,5070,4610
"Pocatello, ID",ID,0.06757458033781286,26030,0.4279,2.1848965916080823,2160,3750
"Jacksonville, NC",NC,0.06555981706710072,41210,0.4196,2.3043089975915674,3480,5920
"Flagstaff, AZ",AZ,0.0642582874183802,47270,0.4603,2.177905651911493,3890,6050
"Kahului-Wailuku-Lahaina, HI",HI,0.06406516066539567,61950,0.4439,,,
"Ocean City, NJ",NJ,0.06292284368213598,32690,0.4747,,600,2390
