state,state_code,state_abbreviation,capital,lat_centroid,lon_centroid,neighboring_states,federal_region,census_region,census_division,population_2019,population_2010,percentage_us_population,house_representatives_2019,democrat_1972,democrat_1976,democrat_1980,democrat_1984,democrat_1988,democrat_1992,democrat_1996,democrat_2000,democrat_2004,democrat_2008,democrat_2012,democrat_2016,democrat_state,below poverty,unemployed,per capita income,no high school diploma,ep_age65,ep_age17,ep_disabl,single parent household,minority non-white non-hispanic,speak eng less than well,housing in 10plus units,mobile homes,housing with more ppl than rooms,no vehicle,group quarters,percentile pov,epl_unemp,epl_pci,epl_nohsdp,spl_theme1,socioeconomic theme percentile,epl_age65,epl_age17,epl_disabl,epl_sngpnt,spl_theme2,household composition theme percentile,epl_minrty,epl_limeng,spl_theme3,minority theme percentile,epl_munit,epl_mobile,epl_crowd,epl_noveh,epl_groupq,spl_theme4,household transport percentile,spl_themes,rpl_themes,ep_uninsur,extraversion,agreeableness,conscientiousness,neuroticism,openness,density_2015,population_2015,homicide rate (2017),gdp per capita (2017),high school or higher,bachelor or higher,advanced degree,stress score,work-related stress rank,money-related stress rank,family-related stress rank,health- & safety-related stress rank,political engagement score,fun score,entertainment & recreation rank,nightlife rank,fraud score,identity theft rank,fraud rank,policy rank,financial literacy score,walletliteracy rank,financial planning & habits rank,financial knowledge & education rank,termperature,age-adjusted death rate (suicide),marriage rate,sexual satisfaction,romantic communication,openness to love,gift spend,overall happiness,opm,mdi,diff,employment change (2013),vacancy rate (2013),unemployment rate (2013),median family income (2013),economic health index (2013),income segregation (2013),% 16-19 not in school (2013),rent burden (2013),working poor (2013),economic inclusion index (2013),racial segregation (2013),homeowner gap (2013),education gap (2013),poverty gap (2013),percent person of color (2013),racial inclusion index (2013),overall inclusion index (2013),happiness,gini-coefficient,firearm death rate,cultural tightness,charity score,volunteering & service rank,charitable giving rank,"correctional supervision rate per 100,000 ages 18 or older/b","correctional supervision rate per 100,000 u.s. residents of all ages/b","community supervision rate per 100,000 u.s. residents ages 18 or older","community supervision rate per 100,000 u.s. residents of all ages/b","incarceration rate per 100,000 u.s. residents ages 18 or older","incarceration rate per 100,000 u.s. residents of all ages",health_insurance_Employer,health_insurance_Non-Group,health_insurance_Medicaid,health_insurance_Medicare,health_insurance_Military,health_insurance_Uninsured
Alabama,AL,Ala,Montgomery,32.806671,-86.79113,FL;GA;MS;TN,4,3,6,4903185,4779736,0.0148,7,0,1,0,0,0,0,0,0,0,0,0,0,0,21.39402985,10.1,21232.74627,19.14776119,16.92835821,22.42089552,18.97462687,9.513432836,34.59104478,0.9,3.328358209,21.25522388,1.791044776,7.6,2.52238806,0.726002985,0.731329851,0.712549254,0.746546269,2.916435821,0.767464179,0.470220896,0.491107463,0.711656716,0.621138806,2.294123881,0.675168657,0.689126866,0.438601493,1.127734328,0.576085075,0.415770149,0.754753731,0.416456716,0.590304478,0.436183582,2.613449254,0.535507463,8.951752239,0.717334328,12.35671642,55.5,52.7,55.5,48.7,42.7,37,4858979,8.3,36856,0.853,0.245,0.091,52.19,27,6,10,7,30.56,26.06,44,39,50.22,46,7,5,61.8,44,25,7,62.8,15.7,7.1,0.04,3,2.89,60,610,16.9,21.3,4.4,0.010799089,0.143895471,0.105861865,51687.5,-0.69775,0.15125,5.5875,45.97,4.005,-0.4765,56.34725,20.52,10.465,18.785,60.3475,-0.30125,-0.37925,61,0.4847,21.5,75.45,62.93,47,5,2640,2050,1610,1250,1080,840,0.47,0.05,0.2,0.16,0.02,0.1
Alaska,AK,Alask,Juneau,61.370716,-152.404419,WA,10,4,9,731545,710231,0.0022,1,0,0,0,0,0,0,0,0,0,0,0,0,0,13.30689655,9.451724138,31052.10345,10.21724138,10.07586207,24.72413793,11.98965517,11.63448276,51.21034483,1.751724138,4.944827586,5.355172414,11.88275862,22.9862069,7.924137931,0.321531035,0.5984,0.256217241,0.307689655,1.483824138,0.347786207,0.096286207,0.614555172,0.230296552,0.704124138,1.645272414,0.338655172,0.819234483,0.534206897,1.353448276,0.701968966,0.565113793,0.235062069,0.915117241,0.803851724,0.732472414,3.251627586,0.827617241,7.73417931,0.536186207,23.37586207,,,,,,0,738432,8.4,67705,0.924,0.29,0.104,49.68,1,48,32,19,49.65,35.37,25,43,44.38,38,39,18,53.11,43,37,51,26.6,25.8,7.1,0.05,3,2.85,43,640,11.1,11.9,0.8,0.211695835,0.060491048,0.066989601,91622,0.825,0.112,3.95,36.61,0.89,0.809,26.189,22.7,11.28,8.91,39.67,0.193,0.467,65.2,0.4081,23.3,38.43,61.37,26,40,2320,1730,1520,1140,800,600,0.48,0.04,0.21,0.09,0.05,0.12
Arizona,AZ,Ariz,Phoenix,33.729759,-111.431221,CA;CO;NM;NV;UT,9,4,8,7278717,6392017,0.0217,9,0,0,0,0,0,0,1,0,0,0,0,0,0,20.92666667,10.99333333,21786.33333,16.79333333,18.95333333,23.8,15.62666667,9.526666667,48.77333333,4.92,4.766666667,21.66,5.8,6.453333333,3.753333333,0.722706667,0.82848,0.658153333,0.64086,2.850226667,0.74884,0.503933333,0.592206667,0.48204,0.639173333,2.217366667,0.642753333,0.840706667,0.866986667,1.707673333,0.892366667,0.53866,0.74336,0.904726667,0.541953333,0.56454,3.293206667,0.825946667,10.06847333,0.855886667,14.25333333,50.6,46.6,58.4,38.1,54.7,23,6828065,5.9,38414,0.865,0.284,0.107,48.49,31,12,4,16,44.09,43.08,11,23,56.35,17,16,41,61.35,15,26,25,60.3,17.7,5.9,0.06,2,2.88,68,634,14.9,14.2,-0.7,0.169757934,0.086200872,0.077522304,67239.375,0.2215,0.12975,4.29,40.78625,3.31375,0.113875,33.010875,19.75375,18.56125,13.235,40.70125,-0.1415,-0.027875,63.5,0.4713,15.2,47.56,56.56,30,50,2570,1970,1590,1220,1030,790,0.44,0.05,0.22,0.16,0.01,0.11
Arkansas,AR,Ark,Little Rock,34.969704,-92.373123,LA;MO;MS;OK;TN;TX,6,3,7,3017825,2915918,0.0091,4,0,1,0,0,0,1,1,0,0,0,0,0,0,21.232,8.189333333,20591.66667,17.516,18.26,22.78266667,20.56,9.197333333,24.07466667,1.109333333,2.916,17.04266667,2.624,7.077333333,3.318666667,0.749401333,0.618353333,0.757701333,0.691670667,2.817118667,0.7449,0.544888,0.529333333,0.799173333,0.584785333,2.458173333,0.755242667,0.544506667,0.424489333,0.968996,0.4847,0.400485333,0.673178667,0.6159,0.565329333,0.446210667,2.701106667,0.580454667,8.945384,0.716748,12.70666667,49.9,52.7,41,56.2,40.3,22,2978204,8.6,36196,0.856,0.22,0.079,56.2,14,4,12,1,42.99,24.89,45,47,43.35,35,45,41,56.4,51,41,14,60.4,18.2,9.9,0.07,1,2.92,93,608,16.4,19.4,3,0.058333334,0.149174705,0.080683708,61635,-0.346,0.177,4.45,41.18,2.92,-0.133,55.195,25.04,10.09,18.58,52.94,-0.463,-0.316,60.9,0.4719,17.8,75.03,63.34,40,11,3150,2410,2250,1720,1050,800,0.42,0.06,0.27,0.16,0.01,0.08
California,CA,Calif,Sacramento,36.116203,-119.681564,AZ;HI;NV;OR,9,4,9,39512223,37254523,0.1196,53,0,0,0,0,0,1,1,1,1,1,1,1,1,16.22931034,9.49137931,29025.7931,16.42068966,15.96551724,22.59310345,14.05172414,9.122413793,44.74827586,6.931034483,8.50862069,7.512068966,5.543103448,6.446551724,3.45862069,0.507655172,0.734603448,0.36867069,0.586948276,2.197884483,0.559913793,0.376825862,0.493481035,0.375634483,0.553675862,1.799605172,0.416751724,0.796751724,0.86892069,1.665667241,0.860739655,0.717008621,0.32265,0.826206897,0.505501724,0.528925862,2.900291379,0.683006897,8.56345,0.650491379,11.51206897,51.4,49,43.2,39.1,65,97,39144818,4.6,57328,0.825,0.326,0.122,42.22,34,14,26,36,44.86,61.57,1,6,64.12,6,17,16,57.98,34,2,49,59.4,10.5,6.5,0.04,5,2.84,82,630,13.3,18.6,5.3,0.220948698,0.050379725,0.10014754,72612.44068,0.371271186,0.095915254,3.369152542,48.25491525,2.876779661,0.182016949,28.90905085,15.93864407,18.65220339,7.603559322,66.9440678,0.453118644,0.332559322,63,0.4899,7.9,27.37,58.53,45,26,1770,1360,1100,850,670,510,0.47,0.07,0.26,0.11,0.01,0.07
Colorado,CO,Colo,Denver,39.059811,-105.311104,AZ;KS;NE;NM;OK;UT;WY,8,4,8,5758736,5029196,0.0172,7,0,0,0,0,0,1,0,0,0,1,1,1,1,14.021875,6.58125,28369.71875,9.6859375,17.290625,20.8546875,13.978125,6.959375,25.1390625,2.26875,7.55625,9.5078125,2.5765625,4.7609375,3.840625,0.381826563,0.429190625,0.376754688,0.297173438,1.484932813,0.35454375,0.450228125,0.385910938,0.381478125,0.327220313,1.544826563,0.315114063,0.602434375,0.643059375,1.245498438,0.640398438,0.575501563,0.409820313,0.5829125,0.323323438,0.4360375,2.327595313,0.43990625,6.6028625,0.387748438,12.8375,45.3,47.5,58.8,34.3,57.9,20,5456574,3.9,52622,0.911,0.394,0.146,38.78,40,32,13,45,58.22,49.71,5,10,59.2,14,14,41,64.3,6,9,16,45.1,20.5,7.4,0.05,5,2.95,65,635,10.3,9.9,-0.4,0.156218981,0.048344044,0.077062504,70390.22222,0.466444444,0.111222222,5.517777778,43.15888889,2.192222222,0.166111111,28.29588889,18.71888889,16.47777778,11.27222222,36.44333333,0.033444444,0.092333333,63.5,0.4586,14.3,42.92,63.32,36,17,2820,2180,2110,1630,740,580,0.52,0.07,0.18,0.12,0.02,0.08
Connecticut,CT,Conn,Hartford,41.597782,-72.755371,MA;NY;RI,1,1,1,3565287,3574097,0.0108,5,0,0,0,0,0,1,1,1,1,1,1,1,1,9.375,7.4125,37998.125,9.0375,15.7875,20.5875,11.15,8.4,23.45,2.6625,9.6375,1.175,1.5125,7.35,4.175,0.13975,0.5741375,0.05885,0.2403875,1.01315,0.2092375,0.35425,0.2792625,0.1478875,0.50175,1.283125,0.1249625,0.5962875,0.7584,1.3547,0.7068375,0.8455125,0.0430875,0.3517,0.6184,0.6964,2.55505,0.523275,6.206025,0.31315,6.225,57.6,38.6,34.2,53.4,53.9,286,3590886,2.8,63747,0.902,0.384,0.17,40.41,8,34,22,47,45.86,26.47,43,40,48.16,29,36,27,60.38,4,24,36,49,10.1,5.6,0.06,5,2.88,45,617,9.6,11.1,1.6,0.126693059,0.118981133,0.141454758,53926.2,-0.6876,0.112,5.98,50.05,2.104,-0.1558,40.4912,23.71,14.482,14.274,68.278,-0.031,-0.0864,61.7,0.4945,4.6,36.37,68.96,14,10,2110,1670,1580,1250,530,420,0.54,0.05,0.21,0.14,0.01,0.05
Delaware,DE,Del,Dover,39.318523,-75.507141,MD;NJ;PA,3,3,5,973764,897934,0.0029,1,0,1,0,0,0,1,1,1,1,1,1,1,1,12.5,7.333333333,29662.66667,12.13333333,17.83333333,21.8,13.06666667,9.433333333,34.23333333,2.033333333,8.766666667,10.86666667,1.866666667,5.966666667,2.5,0.299566667,0.571366667,0.205333333,0.4458,1.522133333,0.361133333,0.4727,0.419733333,0.288533333,0.6342,1.815133333,0.369833333,0.744666667,0.744166667,1.4888,0.792633333,0.827566667,0.456733333,0.481066667,0.501866667,0.555366667,2.822566667,0.650833333,7.648633333,0.525633333,7.766666667,47,38.8,36.5,62.4,42.7,187,945934,5.6,64040,0.893,0.31,0.129,42.36,26,27,20,29,37.39,20.66,48,50,68.34,21,1,50,54.83,31,45,43,55.3,11.5,5.6,0.04,1,2.81,36,614,13.6,13.2,-0.3,,,,,,,,,,,,,,,,,,61.4,0.4522,11,51.02,64.3,11,42,2980,2340,2100,1650,880,690,0.5,0.05,0.21,0.17,0.01,0.06
Washington DC,DC,D.C.,Washington,38.897438,-77.026817,MD;VA,3,3,5,705749,601723,0.0021,1,1,1,1,1,1,1,1,1,1,1,1,1,1,17.9,8.7,48781,10,11.4,17.4,11.3,9.3,64.2,2.4,45.7,0,3.6,36.4,6.1,0.6422,0.737,0.006,0.2999,1.6851,0.4117,0.0675,0.0532,0.1445,0.6463,0.9115,0.0325,0.9494,0.8026,1.752,0.9214,0.9987,0,0.8443,0.9962,0.8523,3.6915,0.9688,8.0401,0.5918,5.2,,,,,,,,,159227,,,,,,,,,,,,,,,,,,,,,,,,,,,,,,,,,,,,,,,,,,,,,,,,,,,,,,,,,,,,,,0.53,0.07,0.28,0.08,0.01,0.03
Florida,FL,Fla,Tallahassee,27.766279,-81.686783,AL;GA,4,3,5,21477737,18801310,0.0644,27,0,1,0,0,0,0,1,0,0,1,1,0,0,17.77761194,9.159701493,24164.46269,15.81343284,20.31641791,19.85522388,16.65373134,8.602985075,31.51343284,3.176119403,8.604477612,22.36567164,2.720895522,6.311940299,6.298507463,0.581291045,0.732276119,0.545353731,0.571583582,2.430498508,0.626232836,0.591922388,0.2618,0.5652,0.510301493,1.929226866,0.459513433,0.689064179,0.710343284,1.3994,0.727919403,0.595604478,0.670873134,0.617616418,0.526676119,0.618697015,3.029470149,0.718462687,8.788591045,0.683359702,15.84328358,60.9,50.7,62.7,40.8,61,145,20271272,5,39093,0.876,0.285,0.103,48.87,30,21,2,21,45.5,58.21,2,11,69.11,12,2,27,60.61,24,31,23,70.7,14,8.1,0.05,4,2.85,83,631,14,14.3,0.3,0.269880665,0.102209312,0.102711475,55496.2,-0.123733333,0.1104,5.150666667,51.46866667,3.05,-0.260266667,34.43826667,19.09666667,10.786,11.38066667,55.31733333,0.250133333,0.023266667,63.1,0.4852,12.6,49.28,58.2,43,36,2200,1760,1320,1050,900,720,0.4,0.1,0.18,0.17,0.02,0.13
Georgia,GA,Ga,Atlanta,33.040619,-83.643074,AL;FL;NC;SC;TN,4,3,5,10617423,9687653,0.0318,14,0,1,1,0,0,1,0,0,0,0,0,0,0,21.7345912,9.110062893,21334.98113,19.03333333,15.63836478,23.32515723,16.22389937,10.31383648,37.12641509,1.691823899,2.979245283,22.5081761,2.424528302,7.57672956,4.201257862,0.723825786,0.68812327,0.710519497,0.723258491,2.845732076,0.748058491,0.359593082,0.593578616,0.545579245,0.687395598,2.186144025,0.604957862,0.731590566,0.566947799,1.298531447,0.673371069,0.371718868,0.721834591,0.560992453,0.594936478,0.468940252,2.718420755,0.600816981,9.048835849,0.726625786,16.79874214,63.2,60,68.8,38,56.9,68,10214860,6.7,43913,0.863,0.299,0.114,46.53,16,10,23,22,35.41,38.56,22,26,56.36,23,10,27,59.8,37,32,22,63.5,13.3,6.8,0.05,2,2.91,68,623,14.9,16,1.1,0.170782545,0.148788857,0.11400108,50615.16667,-0.640666667,0.151166667,5.22,48.24,4.058333333,-0.535,44.065,19.91333333,11.89666667,17.73166667,58.43166667,-0.118666667,-0.303833333,62.3,0.4813,15,60.26,69.2,29,2,,,,,1160,880,0.49,0.06,0.17,0.12,0.02,0.14
Hawaii,HI,Hawai,Honolulu,21.094318,-157.498337,CA,9,4,9,1415872,1360301,0.0043,2,0,1,1,0,1,1,1,1,1,1,1,1,1,12.1,4.72,32644.6,8.62,17.86,17.92,12.94,5.98,71.66,4.02,15.22,0.2,6.98,8.14,4.08,0.28024,0.29562,0.16548,0.1996,0.94098,0.19282,0.5171,0.35274,0.28214,0.29112,1.4431,0.1663,0.97014,0.86958,1.83974,0.95086,0.90296,0.007,0.7826,0.55798,0.54678,2.79734,0.61744,7.02114,0.41848,6.42,,,,,,86,1431603,2.7,50320,0.916,0.32,0.108,35.71,21,39,38,49,23.08,38.32,19,36,36.79,48,50,41,55.82,33,22,50,70,12.1,15.6,0.03,2,2.77,102,652,9.5,10.1,0.5,,,,,,,,,,,,,,,,,,58.9,0.442,4.5,36.49,54.92,49,44,2450,1920,1950,1530,500,390,0.55,0.05,0.17,0.15,0.05,0.04
Idaho,ID,Idah,Boise,44.240459,-114.478828,MT;NV;OR;UT;WA;WY,10,4,8,1792065,1567582,0.0053,2,0,0,0,0,0,0,0,0,0,0,0,0,0,16.20227273,6.243181818,22381.13636,12.43636364,17.09772727,25.48409091,15.45909091,7.402272727,16.68863636,2.990909091,3.456818182,12.36818182,3.452272727,3.925,1.915909091,0.50395,0.417611364,0.642456818,0.4146,1.978629546,0.500090909,0.472622727,0.674181818,0.480920455,0.382506818,2.010245455,0.5008,0.457822727,0.589747727,1.047565909,0.528915909,0.431829546,0.527029546,0.692404546,0.216615909,0.346252273,2.214122727,0.367025,7.250552273,0.461977273,15.87727273,40.7,52.9,44.5,44.2,44.7,7,1654930,1.9,35467,0.902,0.268,0.085,39.3,48,11,45,23,38.41,32.05,31,34,45.48,37,43,5,59.01,45,10,26,44.4,21.4,8.1,0.05,4,2.88,111,627,12.8,11.2,-1.6,0.097073443,0.046784639,0.07246352,68840,0.43,0.104,3.92,41.05,1.66,0.558,16.271,21.2,12.49,9.16,16.41,0.124,0.317,62.8,0.4503,14.6,45.5,63.73,21,30,3880,2870,2980,2210,900,670,0.47,0.09,0.17,0.15,0.02,0.11
Illinois,IL,Ill,Springfield,40.349457,-88.986137,IA;IN;KY;MO;WI,5,2,3,12671821,12830632,0.0385,18,0,0,0,0,0,1,1,1,1,1,1,1,1,14.13235294,7.325490196,26170.39216,11.15,17.78431373,21.90784314,14.61764706,8.360784314,12.74803922,0.934313726,4.399019608,8.117647059,1.523529412,6.242156863,4.082352941,0.397487255,0.53735,0.405331373,0.370387255,1.710561765,0.41939902,0.542076471,0.432102941,0.415929412,0.491020588,1.881135294,0.431443137,0.340109804,0.388959804,0.729065686,0.349630392,0.522423529,0.347715686,0.346463726,0.49715098,0.526066667,2.239819608,0.397428431,6.560588235,0.364836275,7.592156863,62.5,48.3,50.9,51.2,55.2,89,12859995,7.8,53432,0.886,0.334,0.13,43.35,9,22,29,34,48.36,47.39,12,3,59.39,5,40,18,62.97,13,30,11,51.8,10.7,5.4,0.04,4,2.87,55,616,12.6,20.5,7.9,0.140548281,0.086080501,0.098182457,70988,0.082375,0.133875,5.6875,42.21375,2.79625,-0.0425,39.685875,25.7925,18.57125,14.88375,47.85125,-0.393875,-0.23775,61.7,0.481,11.7,45.95,62.99,37,16,2070,1600,1450,1120,620,480,0.54,0.06,0.19,0.13,0.01,0.07
Indiana,IN,Ind,Indianapolis,39.849426,-86.258278,IL;KY;MI;OH,5,2,3,6732219,6483802,0.0202,9,0,0,0,0,0,0,0,0,0,1,0,0,0,13.54891304,6.306521739,24787.68478,12.67282609,16.14782609,23.42173913,14.89456522,8.570652174,9.011956522,0.808695652,4.263043478,8.145652174,1.729347826,5.826086957,2.74673913,0.36963913,0.428445652,0.492192391,0.457303261,1.74758587,0.431795652,0.397544565,0.589195652,0.449886957,0.519288044,1.955904348,0.467083696,0.263927174,0.399672826,0.663594565,0.31173913,0.550967391,0.353929348,0.411281522,0.426038044,0.440247826,2.182459783,0.366870652,6.549541304,0.3605,11.36847826,48.9,50.2,56.2,59.3,44.9,71,6619680,6,44797,0.883,0.253,0.092,45.72,33,19,16,13,31.25,29.25,39,28,42.35,47,24,27,59,17,43,33,51.7,15.4,6.9,0.06,2,2.96,80,605,13.5,15.4,1.9,-0.050170578,0.148882596,0.113972602,45388.66667,-0.9375,0.112,7.79,45.34166667,4.045,-0.476833333,47.22233333,26.49333333,9.66,16.91666667,48.16666667,-0.363666667,-0.414166667,60.5,0.4527,15,54.57,60.5,28,43,3150,2400,2300,1760,850,650,0.54,0.05,0.18,0.15,0.01,0.08
Iowa,IA,Iow,Des Moines,42.011539,-93.210526,IL;MN;MO;NE;SD;WI,7,2,4,3155070,3046355,0.0095,4,0,0,0,0,1,1,1,1,0,1,1,0,0,11.81818182,4.250505051,27360.37374,8.880808081,18.91616162,23.03737374,12.97272727,7.706060606,8.304040404,1.152525253,4.71010101,4.073737374,1.405050505,5.361616162,3.109090909,0.267807071,0.195092929,0.311120202,0.22609495,1.000112121,0.207889899,0.63019495,0.556548485,0.292530303,0.398664647,1.877929293,0.424156566,0.24309798,0.455607071,0.698708081,0.329569697,0.577881818,0.175936364,0.301383838,0.399361616,0.562470707,2.017032323,0.295509091,5.593783838,0.226129293,6.897979798,62.8,56.6,52.2,49.1,33.7,21,3123899,3.3,50086,0.918,0.277,0.09,33.73,41,46,37,44,39.14,30.82,40,19,39.25,42,49,41,61.66,29,20,19,47.8,14.6,6.1,0.04,3,2.87,50,626,10.7,9.3,-1.5,0.037124459,0.079450188,0.064607279,62800.33333,0.164333333,0.089,3.34,38.79666667,2.83,0.616333333,27.906,29.06,14.68,17.90666667,23.78333333,-0.532,-0.022,62.6,0.4451,9.2,49.02,62.48,22,34,1940,1490,1460,1120,560,430,0.54,0.05,0.19,0.15,0.01,0.05
Kansas,KS,Kans,Topeka,38.5266,-96.726486,CO;MO;NE;OK,7,2,4,2913314,2853118,0.0088,4,0,0,0,0,0,0,0,0,0,0,0,0,0,12.52761905,4.344761905,25430.62857,10.59428571,18.93428571,23.79809524,14.77238095,7.148571429,14.93047619,1.787619048,3.562857143,7.850476191,1.742857143,4.52952381,3,0.315058095,0.222250476,0.437015238,0.303492381,1.277816191,0.289613333,0.604692381,0.602596191,0.439182857,0.341487619,1.987953333,0.493907619,0.404700952,0.469371429,0.87406381,0.426794286,0.473239048,0.342434286,0.375692381,0.303008571,0.521594286,2.015970476,0.307081905,6.155813333,0.304114286,10.15428571,45.5,48.9,50.8,49,40.1,14,2911641,5.5,46890,0.905,0.323,0.117,38.19,19,35,46,31,39.98,28.73,38,32,42.95,40,31,41,61.21,11,38,27,54.3,17.9,6.2,0.05,1,2.94,117,618,11.9,10.6,-1.3,0.135734036,0.084973583,0.072432069,69382.4,0.2632,0.1354,4.678,38.004,2.908,0.2146,34.2884,22.65,15.322,13.074,34.442,-0.2132,-0.023,61.8,0.455,13.4,60.36,68.26,20,9,1750,1320,980,740,780,590,0.55,0.06,0.14,0.14,0.02,0.09
Kentucky,KY,Ky,Frankfort,37.66814,-84.670067,IL;IN;MO;OH;TN;VA;WV,4,3,6,4467673,4339367,0.0135,6,0,1,0,0,0,1,1,0,0,0,0,0,0,21.795,8.620833333,21318.16667,19.6425,16.27416667,22.71583333,20.28166667,8.754166667,8.019166667,0.505833333,2.548333333,19.63166667,1.985833333,7.665833333,3.0075,0.723058333,0.649961667,0.696721667,0.7356825,2.8054375,0.73211,0.405765833,0.528063333,0.734780833,0.547178333,2.215788333,0.635950833,0.242751667,0.299041667,0.541791667,0.246694167,0.361889167,0.6911925,0.484704167,0.63749,0.469326667,2.644611667,0.564481667,8.207614167,0.617965,10.51666667,53.4,48.1,51.3,62.5,43,43,4425092,5.9,38603,0.852,0.232,0.096,54.77,23,9,3,3,34.28,31,34,30,41.83,45,35,16,55.47,48,44,32,55.6,16.8,7.4,0.05,2,3,36,605,17.2,18.7,1.5,0.82194525,0.091694173,0.080114685,63980,0.7905,0.168,3.22,41.345,2.615,0.0985,39.249,29.1,10.155,16.81,29.99,-0.497,-0.232,60.5,0.4813,17.5,63.91,60.2,38,32,2850,2200,1860,1440,1010,780,0.47,0.04,0.26,0.15,0.02,0.06
Louisiana,LA,La,Baton Rouge,31.169546,-91.867805,AR;MS;TX,6,3,7,4648794,4533372,0.0141,6,0,1,0,0,0,1,1,0,0,0,0,0,0,22.0515625,8.65,22393.73438,19.3515625,14.6734375,23.9578125,16.24375,11.446875,38.0625,0.871875,2.7859375,20.7421875,2.728125,8.4234375,4.7890625,0.741546875,0.66666875,0.632614063,0.755228125,2.796060938,0.7347625,0.278060938,0.6703625,0.53961875,0.825925,2.313967188,0.689354688,0.761934375,0.451203125,1.213140625,0.625207813,0.359451563,0.744010938,0.6681375,0.683625,0.552245313,3.007473438,0.7199375,9.330645313,0.772764063,15.5765625,52.2,49.7,45,60.4,53.7,41,4670724,12.4,44293,0.843,0.234,0.081,59.94,2,3,7,4,43.31,42.78,24,5,46.48,39,22,18,51.01,49,49,48,66.4,14.2,6.1,0.06,2,2.91,53,610,19.7,21.6,1.9,0.058748236,0.120089935,0.082029741,53636,-0.30275,0.15275,6.8075,48.3725,3.4925,-0.63675,59.25375,20.5775,16.4475,19.19,58.36,-0.5305,-0.5775,61.3,0.499,21.3,65.88,56.22,48,35,3110,2370,1980,1510,1270,970,0.42,0.05,0.29,0.13,0.02,0.08
Maine,ME,Main,Augusta,44.693947,-69.381927,NH,1,1,1,1344212,1328361,0.004,2,0,0,0,0,0,1,1,1,1,1,1,1,1,14.63125,6.625,26496.125,8.6,19.7375,19.15,17.325,8.1125,5.49375,0.4125,3.6,9.51875,1.48125,7.09375,2.53125,0.4322,0.4669,0.39005,0.21215625,1.50131875,0.35905,0.68364375,0.148075,0.61640625,0.4525375,1.90066875,0.4270625,0.166825,0.299075,0.46590625,0.19548125,0.52933125,0.434525,0.345475,0.6423125,0.54808125,2.49969375,0.49343125,6.36758125,0.3303375,10.525,44.2,32.8,24,71,50.8,16,1329328,1.7,38450,0.921,0.303,0.109,41.39,29,23,34,25,69.26,30.4,33,41,40.42,49,46,5,65.09,1,19,13,41,15.9,7.6,0.05,5,2.86,36,636,11.1,10.7,-0.3,,,,,,,,,,,,,,,,,,63.7,0.4519,8.3,34,63.21,17,41,960,780,630,510,380,300,0.48,0.06,0.18,0.17,0.02,0.08
Maryland,MD,Md,Annapolis,39.063946,-76.802101,DC;DE;PA;VA;WV,3,3,5,6045680,5773552,0.0183,8,0,1,1,0,0,1,1,1,1,1,1,1,1,11.27916667,6.695833333,33756.625,10.89166667,15.9875,21.76666667,12.40833333,8.9625,31.42083333,1.745833333,10.59583333,3.429166667,1.516666667,7.666666667,3.625,0.254533333,0.467791667,0.187266667,0.3492125,1.258791667,0.2853,0.361795833,0.449475,0.267633333,0.549375,1.628270833,0.2602625,0.653545833,0.617308333,1.270854167,0.656566667,0.786675,0.149125,0.341379167,0.560258333,0.4872625,2.3247,0.4369,6.482629167,0.355370833,7.204166667,35.2,37.3,37.5,49.4,56.6,238,6006401,9,54894,0.898,0.39,0.18,38.67,6,41,30,48,59.56,39.8,16,27,59.6,7,19,51,65.68,14,15,6,54.2,9.4,6.3,0.06,4,2.91,64,620,9.3,14.2,4.9,0.058171507,0.178645685,0.130676135,51032,-1.047,0.142,7.38,45.97,2.3,-0.352,62.072,19.02,8.19,14.44,71.92,-0.041,-0.179,62.1,0.4499,11.9,45.5,74.14,3,4,2120,1640,1770,1370,610,470,0.56,0.05,0.19,0.13,0.02,0.06
Massachusetts,MA,Mass,Boston,42.230171,-71.530106,CT;NH;NY;RI;VT,1,1,1,6949503,6547629,0.0209,9,1,1,0,0,1,1,1,1,1,1,1,1,1,11.55714286,6.607142857,36664.42857,9.085714286,16.69285714,19.67857143,11.91428571,8.092857143,21.55714286,3.414285714,10.71428571,1.135714286,1.685714286,10.32857143,3.885714286,0.25615,0.473407143,0.07525,0.2425,1.047335714,0.221471429,0.4095,0.236892857,0.221471429,0.444128571,1.311985714,0.173107143,0.561064286,0.789242857,1.350292857,0.703792857,0.772478571,0.041507143,0.382928571,0.754592857,0.649264286,2.60075,0.566228571,6.310357143,0.330792857,3.642857143,44.4,40.7,32.2,63.8,59.6,336,6794422,2.5,64507,0.903,0.421,0.187,32.39,50,40,40,46,54.19,39.95,21,22,53.34,16,48,5,59.52,35,4,38,47.9,8.8,5.8,0.04,4,2.87,67,63,10.5,11.6,1.2,0.098911573,0.079502317,0.098623539,61017.66667,-0.063166667,0.102,4.498333333,43.72666667,2.211666667,0.308833333,33.02916667,26.93333333,15.07333333,15.35166667,47.33,-0.255333333,-0.004666667,63,0.4786,3.4,35.12,61.24,46,13,1520,1210,1170,930,360,280,0.55,0.06,0.23,0.13,0.01,0.03
Michigan,MI,Mich,Lansing,43.326618,-84.536095,IN;OH;WI,5,2,3,9986857,9883640,0.0302,14,0,0,0,0,0,1,1,1,1,1,1,0,1,16.34216867,8.707228916,24387.87952,10.28554217,19.70963855,20.44337349,16.7253012,7.869879518,11.69638554,0.636144578,4.537349398,8.860240964,1.659036145,6.607228916,3.308433735,0.524368675,0.682607229,0.523121687,0.321210843,2.051308434,0.523275904,0.606098795,0.321161446,0.57116506,0.424356627,1.922766265,0.463657831,0.340980723,0.377362651,0.718357831,0.337836145,0.550012048,0.390126506,0.396646988,0.564071084,0.490079518,2.390950602,0.448716868,7.083378313,0.440336145,9.359036145,55.2,54.7,53,48.6,43.4,67,9922576,5.7,42631,0.902,0.281,0.11,44.94,25,29,18,10,36.08,40.82,20,20,61.71,10,13,41,62.58,22,8,20,44.4,13.3,5.9,0.05,4,2.89,58,614,14.2,16.3,2.1,-0.126115986,0.120140166,0.126175144,56699.33333,-0.794111111,0.091222222,5.336666667,48.69111111,3.438888889,-0.117444444,33.57944444,24.44555556,4.593333333,7.918888889,37.49555556,0.212555556,0.065666667,61.5,0.4695,12.3,48.93,60.35,42,22,,,,,730,570,0.51,0.05,0.22,0.15,0.01,0.05
Minnesota,MN,Minn,Saint Paul,45.694454,-93.900192,IA;ND;SD;WI,5,2,4,5639632,5303925,0.017,8,0,1,1,1,1,1,1,1,1,1,1,1,1,11.25287356,4.398850575,28533.75862,8.703448276,18.3954023,23.07011494,12.36436782,7.940229885,10.71149425,1.071264368,7.997701149,5.629885058,1.662068966,5.672413793,2.608045977,0.240754023,0.208764368,0.263768966,0.217935632,0.931205747,0.189113793,0.566609195,0.560610345,0.24726092,0.429539081,1.804021839,0.371813793,0.328302299,0.450431035,0.778729885,0.373773563,0.781471264,0.24262069,0.388205747,0.444078161,0.500374713,2.356762069,0.431447126,5.870725287,0.256357471,6.432183908,52.9,61.6,52.5,43.4,38.5,26,5489594,2,53380,0.928,0.348,0.118,26.81,42,50,47,50,50.96,49.03,6,12,55.62,19,28,5,65.72,5,6,9,41.2,13.2,5.6,0.03,4,2.85,49,632,9.5,9,-0.5,0.115258308,0.059741841,0.069724808,69968.25,0.4125,0.14675,3.5,42.74,2.4025,0.17025,35.29925,33.195,19.665,21.8375,29.6975,-0.953,-0.454,63.2,0.4496,7.6,47.84,72.83,9,3,2810,2160,2450,1880,380,290,0.57,0.06,0.18,0.14,0.01,0.04
Mississippi,MS,Miss,Jackson,32.741646,-89.678696,AL;AR;LA;TN,4,3,6,2976149,2967297,0.009,4,0,1,0,0,0,0,0,0,0,0,0,0,0,25.56707317,11.05731707,19353.09756,20.7402439,15.44268293,24.12073171,18.16707317,12.01097561,45.4,0.613414634,2.514634146,20.08292683,2.962195122,7.97195122,3.753658537,0.83475122,0.79712439,0.817447561,0.78715122,3.236468293,0.850037805,0.33927439,0.68230122,0.675429268,0.804258537,2.501253659,0.790802439,0.800040244,0.3329,1.132943902,0.577269512,0.33537561,0.731053659,0.689285366,0.642148781,0.486926829,2.884778049,0.654865854,9.75545122,0.821457317,15.15731707,56.8,63.3,59.7,52,46.2,24,2992333,8.2,31633,0.834,0.213,0.08,58.71,5,1,6,5,32.2,16.56,49,44,48.91,34,18,18,54.58,30,51,39,63.4,12.7,7,0.05,4,2.78,46,613,19.8,19.8,0.1,-0.079207026,0.162832633,0.121247508,39196,-1.187,0.127,6.36,53.81,5.99,-1.055,59.448,26.03,11.81,21.71,82.58,-0.415,-0.699,61.3,0.4828,19.9,78.86,60.6,41,24,2880,2180,1660,1260,1260,960,0.43,0.05,0.23,0.14,0.02,0.12
Missouri,MO,Mo,Jefferson City,38.456085,-92.288368,AR;IA;IL;KS;KY;NE;OK;TN,7,2,4,6137428,5988927,0.0185,8,0,1,0,0,0,1,1,0,0,0,0,0,0,17.80434783,6.752173913,22047.10435,14.52521739,18.19217391,22.88695652,17.81391304,8.335652174,9.280869565,0.566956522,3.073043478,12.20173913,2.029565217,6.33826087,3.436521739,0.59390087,0.472818261,0.673822609,0.547033913,2.287576522,0.590951304,0.550138261,0.553065217,0.630716522,0.481036522,2.214958261,0.626210435,0.269684348,0.306984348,0.576673044,0.261912174,0.399437391,0.507573044,0.485493913,0.516661739,0.507088696,2.416253913,0.45934,7.495458261,0.503824348,13.35652174,62.9,59.3,60.8,48.3,45.7,34,6083672,9.8,42943,0.892,0.282,0.107,43,28,24,35,11,50.22,44.29,13,15,51.04,32,27,1,60.25,47,47,4,54.5,18.4,6.9,0.05,4,2.88,45,617,13.4,13.4,0,0.093184159,0.116703992,0.083405218,56241,-0.2238,0.134,4.678,44.97,3.094,-0.09,35.7142,22.348,11.658,15.906,32.064,-0.2464,-0.1768,61.8,0.4646,19,59.6,65.16,27,15,2240,1730,1300,1010,940,730,0.52,0.06,0.15,0.16,0.01,0.09
Montana,MT,Mont,Helena,46.921925,-110.454353,ID;ND;SD;WY,8,4,8,1068778,989415,0.0032,1,0,0,0,0,0,1,0,0,0,0,0,0,0,15.29464286,5.083928571,25891.98214,8.567857143,19.94464286,21.65892857,14.92678571,6.330357143,13.09464286,0.226785714,3.016071429,13.41428571,2.042857143,4.769642857,2.975,0.451121429,0.302930357,0.418158929,0.213842857,1.386064286,0.325192857,0.659385714,0.391455357,0.443135714,0.285228571,1.779183929,0.3670875,0.3258,0.171721429,0.497521429,0.219833929,0.418571429,0.5695125,0.421767857,0.316189286,0.474716071,2.200767857,0.3945125,5.863541071,0.280741071,14.7625,33.1,52.3,56.1,43,55,2,1032949,3.9,39686,0.93,0.307,0.101,36.88,47,31,39,28,55.7,30.49,42,17,42.72,41,42,27,60.51,2,28,37,42.7,25.9,7.8,0.04,5,2.88,56,632,12.5,10.8,-1.6,0.221597895,0.051653773,0.039386932,66212,0.752,0.08,6.49,37.35,2.29,0.46,25.986,28.29,10.33,12.37,13.83,-0.29,0.043,63.4,0.4667,18.9,46.11,58.65,39,38,1860,1460,1250,970,700,550,0.44,0.07,0.21,0.17,0.02,0.08
Nebraska,NE,Nebr,Lincoln,41.12537,-98.268082,CO;IA;KS;MO;SD;WY,7,2,4,1934408,1826341,0.0058,3,0,0,0,0,0,0,0,0,0,0,0,0,0,11.67526882,3.161290323,26914.74194,8.669892473,20.33763441,23.06451613,13.33548387,6.41827957,10.13763441,1.425806452,3.503225807,6.686021505,1.44516129,4.105376344,2.637634409,0.256254839,0.117665591,0.335755914,0.212974194,0.922644086,0.185191398,0.682390323,0.549936559,0.318204301,0.265831183,1.81635914,0.379034409,0.275112903,0.407675269,0.682791398,0.327316129,0.452254839,0.293005376,0.294570968,0.25933871,0.447669893,1.746845161,0.217725807,5.168631183,0.183767742,9.838709677,60,62.9,64.3,41.6,34.3,9,1896190,2.2,52878,0.909,0.306,0.102,39.9,39,36,8,39,51.01,29.47,41,25,54.87,11,51,18,62.06,16,16,24,48.8,13.1,6.5,0.03,4,2.91,51,629,10.8,9.4,-1.4,0.137340881,0.060598802,0.058059372,65395,0.459,0.1595,2.86,40.195,3.08,0.161,41.389,28.4,22.38,17.365,25.36,-0.881,-0.418,62.9,0.4477,9.1,49.65,65.07,13,33,1620,1220,1010,760,610,460,0.55,0.07,0.13,0.14,0.02,0.08
Nevada,NV,Nev,Carson City,38.313515,-117.055374,AZ;CA;ID;OR;UT,9,4,8,3080156,2700551,0.0092,4,0,0,0,0,0,1,1,0,0,1,1,1,1,13.80588235,8.558823529,27107.47059,13.41764706,18.36470588,21.41764706,17.28823529,7.952941177,27.14705882,2.505882353,4.923529412,22.44705882,3.158823529,4.876470588,4.288235294,0.382964706,0.641088235,0.367058824,0.498529412,1.889629412,0.477176471,0.515247059,0.390652941,0.582747059,0.463017647,1.951676471,0.464382353,0.6311,0.703276471,1.334376471,0.700176471,0.4987,0.706894118,0.647905882,0.366952941,0.385394118,2.605841177,0.556582353,7.781529412,0.569535294,14.99411765,46.4,31.8,55.8,44,61.3,10,2890845,2.3,43649,0.858,0.237,0.081,51.06,38,20,1,9,44.42,49.25,15,1,72.66,2,5,27,57.79,42,11,35,49.9,21.4,28.4,0.06,3,3.01,112,618,13,13,0,0.502011336,0.092845457,0.101153968,62500.25,0.27325,0.121,4.79,41.8275,2.5925,0.18175,27.889,16.1375,18.1275,10.22,48.735,0.21975,0.20275,61.8,0.4577,16.8,33.61,56.09,44,45,1720,1320,830,640,890,680,0.48,0.05,0.19,0.14,0.02,0.11
New Hampshire,NH,N.H.,Concord,43.452492,-71.563896,MA;ME;VT,1,1,1,1359711,1316470,0.0041,2,0,0,0,0,0,1,1,0,1,1,1,1,1,9.77,5.14,32780.7,8,17.8,18.97,14.05,7.79,6.73,0.62,7.13,7.39,1.31,5.64,3.85,0.15333,0.27013,0.11907,0.16803,0.71058,0.1257,0.52114,0.15405,0.3693,0.40735,1.45182,0.1996,0.22143,0.39938,0.62077,0.27979,0.75471,0.33955,0.28427,0.45966,0.59005,2.42824,0.46765,5.21143,0.17057,9.59,40.2,53.5,38,61.8,48.7,57,1330608,1,50456,0.928,0.36,0.138,34.03,43,45,42,38,49.69,27.14,36,49,53.7,30,20,1,67.36,7,1,8,43.8,17.2,7,0.04,1,2.87,31,626,7.7,8.6,0.9,0.045373935,0.074908808,0.068730548,67566,0.231,0.101,3.93,42.01,1.89,0.499,27.514,21.76,14.97,13.61,19.97,-0.232,0.093,62.6,0.4304,9.3,36.97,67.7,4,29,1010,810,590,480,410,330,0.57,0.05,0.14,0.17,0.01,0.05
New Jersey,NJ,N.J.,Trenton,40.298904,-74.521011,DE;NY;PA,2,1,2,8882190,8791894,0.0269,12,0,0,0,0,0,1,1,1,1,1,1,1,1,10.6047619,8.019047619,37057.33333,11.01428571,15.25714286,22.27142857,11.07142857,8.552380952,37.04761905,5.104761905,12.85238095,1.414285714,2.647619048,10.04761905,2.40952381,0.231671429,0.625980952,0.093919048,0.351966667,1.303547619,0.299461905,0.306171429,0.475109524,0.166290476,0.481133333,1.428690476,0.220004762,0.730690476,0.846233333,1.576933333,0.818642857,0.884871429,0.056380952,0.530590476,0.692704762,0.482190476,2.646752381,0.55812381,6.955909524,0.425142857,9.757142857,59.9,44.6,40.8,56.4,57.6,470,8958013,3.6,56472,0.892,0.381,0.147,39.6,7,42,43,26,37.61,31.49,32,38,68.52,1,25,5,66.79,10,13,5,52.7,7.2,5.7,0.05,2,2.86,67,625,10,11.9,2,0.155643923,0.144487026,0.143713024,42556.66667,-0.974333333,0.0635,7.235,50.175,4.941666667,-0.469166667,37.62183333,17.97666667,5.82,7.776666667,87.85333333,0.783166667,0.226833333,62.5,0.4813,5.5,39.48,62.65,31,27,2670,2080,2230,1740,460,360,0.57,0.06,0.17,0.13,<.01,0.07
New Mexico,NM,N.M.,Santa Fe,34.840515,-106.248482,AZ;CO;OK;TX;UT,6,4,8,2096829,2059179,0.0063,3,0,0,0,0,0,1,1,1,0,1,1,1,1,21.53333333,8.078787879,22062.09091,16.81212121,18.95757576,22.65454545,19.00909091,9.357575758,57.83939394,3.836363636,2.784848485,23.87272727,3.142424242,5.921212121,3.254545455,0.74030303,0.589515152,0.684812121,0.638575758,2.65319697,0.694224242,0.543539394,0.516145455,0.679724242,0.600133333,2.339536364,0.693381818,0.897309091,0.789560606,1.686839394,0.876978788,0.380927273,0.781321212,0.636042424,0.478466667,0.504512121,2.781245455,0.623769697,9.460854546,0.769784849,13.78787879,32.4,45.4,58.5,51.6,62,6,2085109,7.1,41577,0.85,0.269,0.118,54.57,4,5,5,18,21.88,42.97,8,33,59.38,13,21,27,54.98,23,48,45,53.4,22.5,6.4,0.05,4,2.93,47,626,19.7,20.5,0.9,0.196548849,0.07117758,0.082341,59513,0.189,0.121,6.36,44.98,3.58,-0.279,31.699,10.47,14.51,11.58,59.08,0.465,0.134,62.6,0.4769,18.1,45.43,60.21,25,47,1900,1450,970,740,930,710,0.37,0.04,0.33,0.15,0.02,0.09
New York,NY,N.Y.,Albany,42.165726,-74.948051,CT;MA;NJ;PA;VT,2,1,2,19453561,19378102,0.0591,27,0,1,0,0,1,1,1,1,1,1,1,1,1,14.28225806,7.272580645,28935.69355,11.47903226,16.62419355,20.72741935,13.62903226,8.798387097,18.4016129,2.187096774,8.969354839,7.529032258,2.325806452,12.3516129,4.60483871,0.408798387,0.546854839,0.313112903,0.386483871,1.655254839,0.400908065,0.430232258,0.313696774,0.347066129,0.539008065,1.629990323,0.289043548,0.452898387,0.575217742,1.028117742,0.511070968,0.672872581,0.332809677,0.456222581,0.800337097,0.686198387,2.948417742,0.701883871,7.261777419,0.460858065,7.482258065,47,29.8,37.7,62.7,64.5,162,19795791,2.8,64093,0.861,0.353,0.154,44.24,10,16,27,33,33.3,57.85,3,4,62.17,9,15,27,63.02,12,18,18,45.4,8.1,7.5,0.05,4,2.89,65,618,14.1,17.6,3.5,0.031129477,0.125322349,0.105761733,50508.83333,-0.588333333,0.135166667,5.428333333,47.85333333,3.591666667,-0.376333333,49.91983333,24.135,14.22833333,17.97833333,57.08166667,-0.404166667,-0.391833333,62,0.5229,4.4,39.42,66.91,33,6,1360,1070,910,720,480,380,0.49,0.06,0.26,0.13,<.01,0.05
North Carolina,NC,N.C.,Raleigh,35.630066,-79.806419,GA;SC;TN;VA,4,3,5,10488084,9535483,0.0314,13,0,1,0,0,0,0,0,0,0,1,0,0,0,18.989,9.334,23173.85,16.696,17.967,21.479,16.91,9.223,31.656,1.857,3.574,20.146,2.338,6.819,3.046,0.647675,0.732256,0.601621,0.647529,2.629078,0.688089,0.527228,0.398864,0.593815,0.575077,2.094981,0.557015,0.665526,0.665768,1.331301,0.69231,0.427188,0.726881,0.591655,0.566421,0.491803,2.80395,0.635089,8.859302,0.696902,14.245,51,63.6,68.4,44.8,49.6,79,10042802,5.8,44096,0.869,0.299,0.106,45.89,18,25,15,17,47.5,40.17,17,24,56.16,31,6,27,61.5,20,39,15,59,13,7,0.05,3,2.84,59,624,14.7,13.9,-0.8,0.338369142,0.098303867,0.097755353,58169.875,0.043375,0.154875,4.4325,42.25,3.32125,-0.11,44.312625,24.84625,14.70375,18.11125,51.84375,-0.404625,-0.27375,62.5,0.478,13.7,60.67,63.09,35,20,1890,1460,1210,930,680,530,0.47,0.06,0.18,0.15,0.03,0.11
North Dakota,ND,N.D.,Bismarck,47.528912,-99.784012,MN;MT;SD,8,2,4,762062,672591,0.0023,1,0,0,0,0,0,0,0,0,0,0,0,0,0,11.09245283,2.771698113,32847.64151,10.25283019,19.71886792,22.4509434,11.99433962,6.343396226,12.02264151,0.343396226,6.094339623,9.277358491,1.790566038,4.052830189,2.845283019,0.208220755,0.084362264,0.139711321,0.315271698,0.747571698,0.136913208,0.628188679,0.438626415,0.218996226,0.243586793,1.529401887,0.225796226,0.295724528,0.236388679,0.532118868,0.236835849,0.553003774,0.407124528,0.317092453,0.240056604,0.543141509,2.060409434,0.331496226,4.869501887,0.148792453,9.10754717,52.4,52.4,51.4,49.6,21.8,4,756927,1.3,67305,0.923,0.289,0.078,32.67,11,49,50,37,47.1,29.1,37,31,61.64,4,37,5,63.68,32,5,10,40.4,19,6,0.06,2,3.05,108,628,10.3,9,-1.3,0.266494781,0.056094363,0.038087696,69709,0.831,0.093,3.15,34.23,2,0.928,26.568,25.05,11.18,20.46,13.13,-0.495,0.137,63,0.4533,11.9,51.44,65.28,10,39,1770,1350,1230,940,540,410,0.57,0.08,0.12,0.13,0.02,0.08
Ohio,OH,Ohi,Columbus,40.388783,-82.764915,IN;KY;MI;PA;WV,5,2,3,11689100,11536504,0.0353,16,0,1,0,0,0,1,1,0,0,1,1,0,0,14.93295455,6.955681818,25190.28409,11.82727273,16.57045455,22.93977273,15.05,8.832954546,9.546590909,0.543181818,4.5875,8.386363636,1.389772727,6.997727273,2.947727273,0.445903409,0.505778409,0.470851136,0.396732955,1.819279546,0.452577273,0.432184091,0.550956818,0.452052273,0.562782955,1.997960227,0.500381818,0.285236364,0.352630682,0.637868182,0.293252273,0.576588636,0.351163636,0.307173864,0.583310227,0.491414773,2.309654546,0.412206818,6.764757955,0.393798864,8.969318182,54.6,45.9,46.5,58.5,46,109,11614373,6.1,46826,0.898,0.272,0.102,45.16,13,26,21,20,40.53,43.93,18,8,61.44,3,41,41,61.59,26,23,17,50.7,14.2,6,0.05,3,2.95,41,609,14,15.2,1.2,-0.118263343,0.159821988,0.132447047,42689.33333,-1.249333333,0.113111111,4.488888889,45.93333333,3.974444444,-0.124666667,45.98044444,24.94222222,7.398888889,17.85555556,43.17444444,-0.322222222,-0.234444444,61,0.468,12.9,52.3,65.7,18,25,3620,2810,2840,2200,790,610,0.52,0.05,0.21,0.15,0.01,0.06
Oklahoma,OK,Okla,Oklahoma City,35.565342,-96.928917,AR;CO;KS;MO;NM;TX,6,3,7,3956971,3751351,0.0119,5,0,0,0,0,0,0,0,0,0,0,0,0,0,17.14545455,6.02987013,23327.68831,14.53376623,17.0961039,24.04935065,17.88441558,8.981818182,28.71168831,1.409090909,2.636363636,14.4012987,2.67012987,5.263636364,3.58961039,0.56034026,0.405455844,0.575018182,0.55837013,2.09918961,0.535396104,0.481611688,0.687557143,0.634596104,0.576032468,2.379783117,0.716750649,0.674398701,0.517274026,1.191668831,0.61178961,0.363661039,0.584537662,0.635162338,0.400063636,0.527920779,2.511338961,0.509233766,8.181993507,0.608998701,16.37532468,39.7,54.3,54.7,52.1,42.2,22,3911338,6.2,45864,0.875,0.248,0.083,49.48,22,17,17,6,34.62,37.36,27,21,55.09,15,44,5,55.45,41,46,34,59.6,21,6.7,0.06,5,2.87,42,605,15.8,14.2,-1.6,0.141043992,0.109279695,0.060771229,60624.33333,0.103333333,0.141,6.38,40.79,3.22,-0.172,30.636,20.69333333,13.32333333,13.84333333,37.76666667,-0.046,-0.102333333,60.8,0.4645,19.6,75.03,69.11,5,19,2510,1890,1190,900,1310,990,0.46,0.06,0.18,0.15,0.02,0.14
Oregon,OR,Ore,Salem,44.572021,-122.070938,CA;ID;NV;WA,10,4,9,4217737,3831074,0.0127,5,0,0,0,0,1,1,1,1,1,1,1,1,1,16.60277778,8.830555556,25212.63889,11.35555556,20.17777778,20.91944444,17.925,7.833333333,18.66111111,2.230555556,6.041666667,14.46388889,2.975,6.219444444,2.711111111,0.549683333,0.700244444,0.465619444,0.369069444,2.084633333,0.533627778,0.631383333,0.368036111,0.647008333,0.424780556,2.0712,0.567436111,0.516355556,0.62235,1.138705556,0.580047222,0.664880556,0.587436111,0.6819,0.520622222,0.479630556,2.934469444,0.685469444,8.229019444,0.609786111,11.17222222,30.9,59.1,45.8,39.5,58.8,16,4028977,2.5,49792,0.902,0.323,0.122,45.46,46,13,9,15,51.73,47.62,7,14,57.06,33,4,18,59.79,25,33,29,48.4,17.8,6.9,0.05,5,2.85,40,625,13.2,13,-0.3,0.11980474,0.050829487,0.097694488,61025.75,0.126,0.091,4.7375,48.2225,2.59,0.10375,25.815,20.74,22.1825,13.5425,28.5175,-0.277,-0.10775,62.5,0.4583,11.9,30.07,67.53,12,21,2520,1990,1890,1490,640,500,0.48,0.07,0.22,0.16,0.01,0.07
Pennsylvania,PA,Pa,Harrisburg,40.590752,-77.209755,DE;MD;NJ;NY;OH;WV,3,1,2,12801989,12702379,0.0387,18,0,1,0,0,0,1,1,1,1,1,1,0,1,12.95223881,6.634328358,26685.95522,11.18955224,18.44626866,20.1358209,15.38059701,7.704477612,11.49850746,1.004477612,4.882089552,8.01641791,1.21641791,8.167164179,4.726865672,0.330323881,0.463674627,0.386595522,0.376508955,1.557108955,0.372719403,0.596197015,0.268104478,0.475855224,0.399919403,1.740077612,0.339058209,0.315759702,0.465602985,0.781359702,0.375919403,0.604550746,0.353904478,0.252610448,0.698928358,0.622297015,2.532291045,0.514268657,6.610847761,0.360086567,8.211940299,54.6,42.8,52.4,61.4,49.6,110,12802503,5.8,50418,0.899,0.301,0.118,42.81,15,28,28,27,39.36,47.91,9,7,55.63,24,23,1,58.04,9,27,46,48.8,14.7,5.8,0.05,1,2.83,60,621,12.5,14.8,2.3,0.031283049,0.117435417,0.110045403,47165.8,-0.6236,0.1144,4.944,46.8,2.948,-0.0552,42.3716,25.906,13.596,21.048,42.89,-0.5548,-0.333,62.3,0.4689,12,52.75,63.46,24,28,3640,2880,2880,2280,810,640,0.52,0.05,0.2,0.16,0.01,0.06
Rhode Island,RI,R.I,Providence,41.680893,-71.51178,CT;MA,1,1,1,1059361,1052567,0.0032,2,0,1,1,0,1,1,1,1,1,1,1,1,1,10.34,6.78,36781.6,9.68,17.54,19.28,12.6,7.82,15.22,2.24,9.18,1.28,1.08,7.62,4.38,0.19268,0.48964,0.07658,0.26544,1.0244,0.21796,0.52816,0.15384,0.24686,0.38544,1.31428,0.11856,0.43444,0.64228,1.07672,0.5402,0.8284,0.04652,0.2084,0.64566,0.68118,2.41018,0.44386,5.82558,0.25776,6.6,43.3,35.2,48.5,61.9,59.4,394,1056298,1.9,47118,0.873,0.33,0.131,43.54,45,15,11,30,41.06,23.39,47,35,49.86,28,47,4,56.15,39,21,46,50.1,11.2,6.7,0.06,3,2.96,52,613,11.6,13,1.4,0.145939335,0.128798529,0.126973867,44342,-0.741,0.145,4.59,44.84,3.84,-0.257,46.892,16.27,20.56,15.36,64.08,-0.152,-0.198,61.4,0.4781,4.1,43.23,55.15,50,31,2850,2290,2730,2200,370,290,0.52,0.05,0.23,0.14,0.01,0.04
South Carolina,SC,S.C.,Columbia,33.856892,-80.945007,GA;NC,4,3,5,5148714,4625364,0.0154,7,0,1,0,0,0,0,0,0,0,0,0,0,0,20.46304348,9.867391304,22105.91304,17.6326087,17.09782609,22.06521739,17.17173913,10.35217391,42.88913043,1.217391304,4.156521739,24.03478261,1.897826087,8.136956522,3.530434783,0.711028261,0.773154348,0.654421739,0.687284783,2.82588913,0.741569565,0.457215217,0.463097826,0.601252174,0.742615217,2.264173913,0.6644,0.801108696,0.540804348,1.341917391,0.702034783,0.476773913,0.802104348,0.475619565,0.687826087,0.537404348,2.979719565,0.701684783,9.411702174,0.77305,13.80434783,60,55.4,69.6,45.7,55.3,62,4896146,7.8,36796,0.865,0.27,0.098,46.84,36,18,19,8,34.57,41.35,14,29,57.83,22,9,41,59.49,38,42,21,62.4,15.7,6.6,0.05,2,2.99,82,623,15.4,14.6,-0.8,0.319390588,0.117852349,0.087043524,66834,0.117,0.1375,1.175,45.72,3.355,0.215,54.4695,25.035,14.4,19.375,40.695,-0.703,-0.295,62.3,0.4735,17.7,61.39,65.1,32,14,1770,1380,940,740,820,640,0.45,0.06,0.19,0.16,0.02,0.1
South Dakota,SD,S.D.,Pierre,44.299782,-99.438828,IA;MN;MT;ND;NE;WY,8,2,4,884659,814180,0.0027,1,0,0,0,0,0,0,0,0,0,0,0,0,0,16.35,5.221212121,26209.37879,10.71515152,18.28787879,24.91818182,13.29090909,8.387878788,19.67878788,0.574242424,4.739393939,11.56818182,3.048484849,5.078787879,3.965151515,0.396269697,0.219510606,0.379871212,0.331081818,1.326733333,0.301059091,0.563125758,0.627377273,0.318465152,0.408375758,1.917334849,0.454977273,0.408083333,0.300875758,0.708948485,0.336680303,0.540290909,0.474630303,0.379834849,0.326483333,0.576230303,2.297472727,0.420969697,6.250498485,0.322645455,12.05909091,58.7,56.7,55.8,36.1,41.9,4,858469,2.9,47706,0.914,0.278,0.083,33.18,20,47,49,42,34.37,32.83,35,18,37.85,51,26,18,56.06,36,34,44,45.2,20.2,7.2,0.04,5,2.99,36,637,13,10.8,-2.2,0.30058977,0.056334596,0.045247197,68785,0.795,0.115,4.19,31.84,2.25,0.741,33.655,32.73,25.39,23.49,16.79,-1.236,-0.358,64,0.4495,13.4,51.14,69.35,1,37,2290,1720,1420,1070,880,670,0.52,0.08,0.13,0.15,0.02,0.09
Tennessee,TN,Tenn,Nashville,35.747845,-86.692345,AL;AR;GA;KY;MO;MS;NC;VA,4,3,6,6833174,6346105,0.0205,9,0,1,0,0,0,1,1,0,0,0,0,0,0,19.04736842,8.448421053,22171.14737,18.03368421,17.83894737,21.86315789,19.10842105,8.505263158,13.35894737,0.750526316,2.891578947,16.98,2.028421053,5.964210526,2.909473684,0.662144211,0.65758,0.662862105,0.708214737,2.690796842,0.708214737,0.538924211,0.427325263,0.724398947,0.499593684,2.190227368,0.615601053,0.372948421,0.397154737,0.770102105,0.368894737,0.391471579,0.654167368,0.507172632,0.473105263,0.442101053,2.468037895,0.477330526,8.11917579,0.604977895,11.98421053,51.3,66.6,62,49,50.1,61,6600299,7.8,42797,0.865,0.261,0.096,47.76,37,7,25,12,31.26,39.78,26,16,56.85,26,8,27,60.67,50,40,3,57.6,16.3,8.6,0.05,3,2.92,73,615,15,16.4,1.4,0.236130418,0.105822665,0.09162711,53610.5,-0.1175,0.133333333,4.03,42.28166667,3.373333333,0.053833333,45.70816667,21.385,10.15166667,15.90166667,42.69,-0.232166667,-0.105333333,61.6,0.479,17.1,68.81,64.32,23,23,2310,1790,1440,1120,930,720,0.47,0.06,0.21,0.15,0.02,0.1
Texas,TX,Tex,Austin,31.054487,-97.563461,AR;LA;NM;OK,6,3,7,28995881,25145561,0.0868,36,0,1,0,0,0,0,0,0,0,0,0,0,0,16.77283465,6.346850394,24076.55906,20.53031496,17.04330709,24.39173228,16.16377953,8.850787402,42.84173228,5.494094488,3.483464567,15.52519685,4.090944882,5.32519685,4.378346457,0.531277165,0.420452756,0.537696063,0.73845,2.227874016,0.572524409,0.443025197,0.651662205,0.522181496,0.539735827,2.156604331,0.588322047,0.775502756,0.825137795,1.600647638,0.83242126,0.397508268,0.607286614,0.750587795,0.395347638,0.478376772,2.629105512,0.558764173,8.614227953,0.666501575,19.37401575,55.2,52.3,54.4,44.3,52.7,40,27469114,5,54421,0.828,0.287,0.099,43.91,17,33,24,14,34.51,47.51,10,9,57.72,18,12,27,60.42,40,36,12,64.8,12.6,7.1,0.04,4,2.88,78,631,14.7,18.2,3.5,0.328649153,0.083497451,0.072112197,59594.10714,0.336107143,0.126107143,4.9,40.70107143,4.843928571,-0.172428571,34.48228571,14.55214286,21.375,13.1325,62.785,0.122392857,-0.008642857,63.2,0.48,12.1,67.54,57.37,34,48,3290,2430,2330,1720,1050,780,0.47,0.06,0.17,0.1,0.02,0.18
Utah,UT,Uta,Salt Lake City,40.150032,-111.862434,AZ;CO;ID;NM;NV;WY,8,4,8,3205958,2763885,0.0096,4,0,0,0,0,0,0,0,0,0,0,0,0,0,12.67931034,5.327586207,23353.7931,8.644827586,13.66206897,29.93793103,11.74827586,6.44137931,14.39310345,1.568965517,4.420689655,9.255172414,3.179310345,3.220689655,2.417241379,0.32102069,0.314262069,0.611648276,0.224713793,1.471641379,0.346137931,0.255224138,0.899765517,0.221141379,0.288989655,1.665110345,0.291462069,0.431317241,0.63097931,1.062310345,0.535155172,0.480865517,0.375417241,0.720634483,0.14317931,0.364934483,2.085024138,0.317872414,6.284068966,0.31772069,13.62068966,55.8,69.4,54.5,30.4,47.7,14,2995919,2.4,44204,0.918,0.325,0.11,31.69,49,37,48,35,61.47,34.96,23,48,45.49,36,30,27,67.97,46,3,1,48.6,21.8,9,0.04,5,2.77,73,628,9.7,8.3,-1.4,0.273300849,0.050856284,0.063220819,61050.33333,0.552,0.123333333,3.156666667,41.71333333,3.576666667,0.200666667,29.259,15.79666667,22.81666667,11.28333333,28.53666667,-0.137,0.013,62.9,0.4063,12.9,49.69,76.9,7,1,1180,820,740,520,540,380,0.61,0.09,0.1,0.1,0.01,0.09
Vermont,VT,Vt,Montpelier,44.045876,-72.710686,MA;NH;NY,1,1,1,623989,625741,0.0019,1,0,0,0,0,0,1,1,1,1,1,1,1,1,11.73571429,5.242857143,29297.64286,8.978571429,18.07142857,19.53571429,14.99285714,8.107142857,5.614285714,0.407142857,3.878571429,8.092857143,1.735714286,6.178571429,3.207142857,0.258807143,0.288607143,0.234585714,0.228192857,1.010207143,0.209071429,0.560307143,0.182864286,0.454057143,0.454607143,1.651828571,0.307885714,0.178678571,0.2998,0.478485714,0.200607143,0.536671429,0.370535714,0.411607143,0.534542857,0.578335714,2.431685714,0.485557143,5.572221429,0.210692857,5.657142857,26.5,60,38.2,55.8,54.2,26,626042,2.2,43495,0.923,0.368,0.15,39.36,44,8,41,43,45.93,23.5,46,37,38.86,50,34,27,60.15,18,35,30,42.9,17.3,8.3,0.04,4,2.77,36,635,11.3,10.9,-0.4,,,,,,,,,,,,,,,,,,63.6,0.4539,11.1,37.23,61.9,19,46,1450,1180,1150,940,340,280,0.49,0.06,0.23,0.16,0.01,0.04
Virginia,VA,Va,Richmond,37.769337,-78.169968,DC;KY;MD;NC;TN;WV,3,3,5,8535519,8001024,0.0258,11,0,0,0,0,0,0,0,0,0,1,1,1,1,14.79398496,6.619548872,27781.3985,14.82481203,17.64135338,20.45112782,14.7887218,8.437593985,28.02781955,1.292481203,7.120300752,9.656390977,1.647368421,7.032330827,4.441353384,0.423811278,0.448230075,0.406806015,0.548094737,1.826939098,0.454005263,0.513476692,0.320098496,0.435649624,0.476690977,1.74591579,0.365157895,0.603054135,0.470456391,1.073514286,0.543738346,0.566223308,0.380906767,0.366789474,0.534402256,0.485033083,2.333354135,0.439227068,6.97972782,0.429827068,11.50827068,48.5,47.4,45.3,44.7,57.1,81,8382993,5.3,51716,0.89,0.376,0.161,40.02,24,38,14,40,55.48,33.83,28,45,55.28,25,11,18,68.03,28,7,2,55.1,13.2,7,0.04,4,2.88,87,626,10.6,11,0.4,0.098812545,0.092428333,0.08637109,65729.22222,0.024555556,0.129222222,3.692222222,43.92111111,2.408888889,0.202888889,41.77077778,22.73555556,9.891111111,12.62111111,50.62333333,-0.023111111,0.077222222,62.7,0.4705,12.1,57.37,69.66,16,7,1830,1420,950,740,880,680,0.54,0.06,0.12,0.14,0.04,0.09
Washington,WA,Wash,Olympia,47.400902,-121.490494,AK;ID;OR,10,4,9,7614893,6724540,0.0228,10,0,0,0,0,1,1,1,1,1,1,1,1,1,15.64871795,7.58974359,26547.92308,11.64358974,18.64615385,21.99230769,16.42051282,8.117948718,23.2025641,3.448717949,6.748717949,13.03846154,3.356410256,5.635897436,2.358974359,0.477671795,0.583025641,0.407579487,0.358084615,1.826374359,0.454282051,0.539179487,0.420669231,0.531366667,0.444830769,1.936064103,0.493753846,0.578633333,0.7025,1.281125641,0.659917949,0.655138462,0.541138462,0.651820513,0.442561539,0.421689744,2.71234359,0.599666667,7.755905128,0.540276923,11.1,30.6,55.8,45,36.9,56.6,41,7170351,3.1,55780,0.908,0.345,0.127,39.54,32,30,36,24,58.6,51.12,4,13,49.32,27,38,18,61.45,21,14,28,48.3,14.9,6.2,0.06,5,2.87,70,625,11,11.1,0.1,0.143784874,0.063659507,0.08305254,74533.66667,0.378333333,0.088333333,4.468333333,39.76333333,1.57,0.654166667,24.6815,17.91166667,11.78166667,8.943333333,33.05833333,0.271333333,0.441333333,62.6,0.4591,9,31.06,70.51,6,12,2230,1730,1760,1370,530,410,0.52,0.06,0.21,0.13,0.02,0.07
West Virginia,WV,W.Va,Charleston,38.491226,-80.954453,KY;MD;OH;PA;VA,3,3,5,1787147,1852994,0.0055,3,0,1,1,0,1,1,1,0,0,0,0,0,0,18.37454545,8.354545455,22165.03636,16.76,18.90181818,20.24,20.91272727,7.318181818,5.465454546,0.292727273,2.992727273,17.80363636,1.32,8.6,2.827272727,0.621392727,0.629503636,0.658541818,0.642234546,2.551665455,0.666963636,0.636638182,0.253016364,0.782734546,0.359463636,2.031850909,0.525750909,0.151323636,0.216472727,0.367790909,0.15384,0.411478182,0.686056364,0.285961818,0.746463636,0.422778182,2.552736364,0.515834546,7.504050909,0.502389091,10.08181818,38.5,51.8,42.6,79.2,36.8,29,1844128,4.7,36453,0.859,0.199,0.079,54.68,12,2,31,2,32.57,14.41,50,46,62.1,8,29,5,57.8,8,50,31,51.8,19.3,6.4,0.05,3,2.85,39,589,19.1,17.4,-1.7,,,,,,,,,,,,,,,,,,60.5,0.4711,17.5,52.48,61.02,15,49,1380,1100,690,550,690,550,0.44,0.03,0.26,0.19,0.01,0.06
Wisconsin,WI,Wis,Madison,44.268543,-89.616508,IA;IL;MI;MN,5,2,3,5822434,5686986,0.0176,8,0,1,0,0,1,1,1,1,1,1,1,0,1,12.18888889,5.398611111,27172.34722,8.944444444,18.34861111,21.64027778,13.09305556,7.761111111,10.47638889,0.825,5.629166667,6.4625,1.663888889,5.573611111,2.531944444,0.284265278,0.315944444,0.338109722,0.234755556,1.173075,0.259323611,0.543634722,0.4099125,0.2993375,0.388851389,1.641736111,0.290368056,0.299452778,0.465563889,0.765016667,0.363526389,0.649126389,0.284029167,0.373451389,0.420480556,0.480081944,2.207175,0.372020833,5.787005556,0.249583333,8.051388889,69.8,57.8,47.6,48.6,35.7,41,5771337,3.2,46859,0.917,0.29,0.099,35.49,35,43,33,41,54.86,40.31,30,2,41.25,43,33,27,60.97,3,12,40,43.1,14.7,5.6,0.05,2,2.76,64,623,11.3,10.4,-0.9,0.048142451,0.066705924,0.081213512,57911.66667,0.050333333,0.107333333,3.02,44.22,3.18,0.27,39.017,28.19333333,19.09,18.00333333,38.97333333,-0.647,-0.239666667,62.4,0.4498,11.4,46.91,71.13,2,18,2230,1740,1440,1120,790,620,0.57,0.05,0.17,0.15,0.01,0.06
Wyoming,WY,Wyo,Cheyenne,42.755966,-107.30249,CO;ID;MT;NE;SD;UT,8,4,8,578759,563626,0.0017,1,0,0,0,0,0,0,0,0,0,0,0,0,0,11.69130435,4.526086957,29585.13043,7.97826087,15.92608696,23.27391304,13.55217391,7.434782609,13.06521739,0.852173913,4.365217391,14.7,1.926086957,3.552173913,2.852173913,0.264430435,0.2312,0.228665217,0.179565217,0.903856522,0.182656522,0.4161,0.563595652,0.347573913,0.378730435,1.705982609,0.355743478,0.411295652,0.438447826,0.849743478,0.415856522,0.558095652,0.604378261,0.467626087,0.178391304,0.490234783,2.298721739,0.419895652,5.758295652,0.248421739,13.12173913,46,40.7,42.4,46.1,42.4,2,586107,2.6,60908,0.928,0.267,0.093,40.3,3,44,44,32,58.26,33.23,29,42,42.78,44,32,5,58.78,19,17,42,42,25.2,7.1,0.04,2,2.89,36,630,11.3,8.9,-2.4,,,,,,,,,,,,,,,,,,63.1,0.436,17.4,51.94,71.23,8,8,2100,1600,1230,940,870,660,0.55,0.07,0.1,0.15,0.02,0.11
